MovieID,OnlineMovieID
613795b3-a8f5-485c-b096-000d54065d44,64017246-3955-4bd2-ae4c-22accecd402e
74421674-5e11-457a-af51-0012f93c8556,ce66f10d-b79e-4389-a328-f3512a2bed44
05ac7a1c-cbfd-45ea-9183-00a763fe162f,9ec5e5cb-cb62-4ea0-bb37-c0591b5d3d6a
432daea2-acf3-4643-b64c-00aa72d1ac01,a3b7e685-7b54-4273-9195-222ae64d639a
7d4a2c91-b0a3-4a0a-be82-00d8f2fec501,b78e589c-5a5c-4e89-b7db-7d00e86249d7
2bf47a24-8be9-44ee-94a3-00df7a5587bb,bab8ba05-f198-4ce6-9ec6-82c7c84b0ab7
7b28a010-4cff-4c4b-802b-014c54d94f4e,dec4ea7a-4b32-4493-bf5a-f5b7b4259ace
3f6ae89d-eb0d-4aa7-b760-016a0a9a8ae2,71f8a6b9-c438-457b-9d9c-db469dbcaa59
6533c76d-177c-4909-8cb9-016d03745c8f,7e6bf4cd-fcfb-4e11-8329-c665d52c5101
44d39e16-3a45-4009-af91-016f45e18abc,8aa4c1e0-35fe-449e-a79e-2e5f4b216966
5c4bcb88-6166-4482-9dc0-01d848fc50dd,879baa69-9b33-4d43-9626-bce7d1ee2545
ba5a4953-a90f-4037-a1aa-02f71ea6d07b,87cf1c7e-adf1-4b70-bd2d-269fc054a66e
0f4219e6-2d48-4972-b74e-0454302813ef,6385e01b-4cd2-4cfd-8d09-d35924cfcba3
251d8c9d-592d-4dba-a7b0-048433b066b7,d8cd04e7-8da1-4cd9-b931-d10e7433e8d6
de66add3-856b-422a-872f-04a4db6c1346,a65182fd-d6f6-433b-9f1f-4a813297db72
1d98b452-c9ab-4aa5-b8ac-04b259d038d9,8df5bf0a-cfb7-40a7-a657-84d4207e9516
2abdfa3b-f708-40d0-b1c4-04e283c47eee,2243c87d-bd02-4d84-8f5d-2f289543f5c0
398e097e-9a82-48a7-9c4c-057370ef1dbc,826a8115-45bf-4b57-bc15-8db178c9078b
e56680cd-4d2c-4fcd-ae27-057e65417418,9d5bddbc-e880-4fd1-9809-04fd12aefe26
7d47dd44-9512-464e-9be5-0599f9c25b18,74771011-995e-468d-944a-4c156a1626d1
3557d1fd-900c-46b5-a236-05bea139ac78,b430c641-67a7-44d2-8343-58bc6ad8591c
5d2370db-4737-4fc9-b99c-05ffd5e9c9e8,bfb94f29-5cec-42ae-b5cb-4b2572d5c837
662dc11f-e834-4c63-8c5a-062512edbeb6,adff2650-17fc-418a-933e-625f6cd18bda
42b8715b-c45c-477f-9fac-075c885a5259,a3712b4e-b2bb-40b8-abdf-6e6a07d57002
3818db15-3c57-4d1f-96eb-07be2f82feea,0c8bf6a0-bbf4-4b8b-94eb-e920f07cf865
0d95d168-d27e-4bd9-b3bb-0852c247635d,e694fa05-b65a-4ac4-ba13-aec33233a9a9
8d067dbd-0e36-4843-afed-08954ef773c0,e8fbea5e-b5c5-470e-be7d-890d279792ef
a205f144-d975-4308-bf92-098aec8d79a7,6fe9d25b-0c58-4e43-8349-559aaa7c6307
8289df64-2f3e-416d-afc4-09d9f9c45b74,4ffe0ebb-140a-456e-824d-d5f153d57eac
2e582f25-2332-4c5a-93fb-0a27408647da,08bf8b54-b1ae-4487-9ba4-21bae73117bb
0b31a812-7991-42ae-9661-0a6fa0842106,6700f560-0730-4156-a745-27d22fdfb8f2
5f878c1a-58d3-46e8-92fb-0a9b7bf07e73,f3eb4634-5987-4710-81c9-700e45676074
f6cd0174-9d9b-47c2-aff6-0b54ed01de1e,b8af4c2d-ab1b-4644-a677-907172262e91
87f4944d-a08a-4be0-ae56-0b5504ed0ff5,15f06a21-2525-4363-987e-88feb38ff4f4
535acaa8-ff76-4e43-94b7-0b9caa4052bb,8a29296d-3c44-4fcf-97d5-a7297f5c86fb
18aee5bf-0dc2-4b88-8695-0c2fa561636a,6871fd01-757d-4466-b608-556ef8e038f9
642b2292-6e69-4ab7-903b-0c4b2e66e8c3,0a90e3e6-d64b-4cea-b0b8-15d4ab103e84
8225e6ec-e782-4f9c-8f12-0c9ddc835ab3,543921a8-aa63-4772-b517-08e9e2935451
4665155c-c263-41fa-adba-0dcf7d56e320,2f1be21c-e321-47bf-943f-65bac163b1d4
1a947ad6-641a-466c-8b4b-0e3c5655db4b,1dd89069-f5e8-4d10-bdd5-aa0b82ab5aa0
e3078106-b963-40e7-8a72-0e43104e89c9,a8dd8915-b053-4a45-8846-0f3b6b1420b2
a8f19c31-21c3-45f9-8bab-0e7ef406ceb2,2fc76fbe-ba38-468e-88f6-a7c6c5551c88
b3d97c93-7304-4183-9ee1-0eea9cb1c4fd,17c7aee1-8c35-4477-a8e0-b5217d7e5e35
8af0f54d-815b-4a1a-9a44-0f4c7d6d427a,961731e1-669e-4aed-a5c1-29fe99f21206
ddf3b6af-4e45-4ddf-a652-101bb451fac3,c036505a-9e2e-41e0-8489-ff307d00750a
1efaac20-e400-4f79-acd7-10b5a7ff5e6f,bb1b9b9e-e9ea-4e10-9408-c39a61d8bc1c
840bdc24-5de8-49aa-bb61-10c0dc79cc01,b0990b33-7c1e-4ded-971a-f5f3c46ee0ff
5e1dae27-80a7-425b-b128-10fffd35f733,c3d9d13b-3c72-4bfd-b439-ba18278db578
9cb2f565-fd0d-410d-9f90-115d56e0e9c4,1f8556e7-bb39-43ba-a124-546c603e5f25
de2fb131-d93c-4835-acad-118c67215c59,26dd204d-b1ab-4166-b75b-8bfbe4ca21fa
f1fc4673-f9e8-4b1b-b345-11c5d6af99b9,c228e7ed-c31e-43d3-9f42-9801530a5f85
6f2639af-be09-484c-b6ff-11fb825da546,efcb62c1-aa9c-425e-90aa-c4b5bf30da92
d022e9a9-dfb6-42ea-8092-12b0cf3728c1,0cb47ffe-e7c4-4f99-aefa-8decaf379ec1
eaded03b-6da1-4d4b-b22d-1318e3a4339e,c1402987-bf95-4192-a487-510794e17002
006c0afd-7dd1-48c5-a8a3-133b38d072da,22e0286b-a871-4b30-aec3-92c70d9ecd83
ec55c2dd-096e-4d25-bb26-1377a8166eb4,3bb34430-b057-4883-a54c-82c64ed0bdfd
cf741033-a7c0-4a3f-885e-13ebde2b443b,eb34da21-244c-49b3-886b-9f641989f829
533aaba8-c6cb-4dd4-8d60-1440a1d76cae,6c5684c4-ee80-4468-a760-42b8458ab81b
3aeee9a8-8620-4ccf-abe3-1463ee03aa48,8cf5e8f2-9756-4424-9db5-f0ea2bbdd380
4b1f9e2a-2373-4da4-bafb-14e73306698d,07cfb2bb-78c6-4daf-9743-382a443da9b7
6c1f31ea-4fb3-4e58-9036-14f8e171f9c4,5abac2c1-b093-4439-a068-c3b0de8271f3
4ee7aa6c-c228-4b89-a96c-15096bc41183,cbb21474-e46d-42db-bf02-f61971ecaaef
b4f35195-e489-4085-9ac2-154ac2810164,6392f3b0-2fa6-40be-8b7f-154202a54fe3
a0466ce0-d8c8-4dbf-ada7-157c0c237896,eb1606e6-77a8-435e-b8ea-7ab32659968b
eae4c886-1d1d-45f3-8b8d-15a9c2a5142d,0759b6c7-9493-4284-9065-5cd38627385c
d17d9111-2c85-4105-968a-166c271e17f4,248fdb30-82b5-4c0d-b213-c7dc3d523af9
35d29346-97ca-432f-8a6c-16b0eadaf748,2037e2ef-ff34-47b9-abe6-182e52fd1598
fb89c882-8475-4ec3-9cdc-176a6f5f1a15,fc171b33-0d6f-4662-9810-5a53dc8bd4cd
e99451ad-6e09-4493-9188-1789683dc4f3,985c5fe9-1ecb-4dce-8e10-2363daf62429
8dd8e49c-8fc3-4178-b9c4-179c824dcbea,60a28f3a-b00d-4b9f-a617-509f6bce8914
51286854-2b5e-4dc6-96b1-17ed80abf967,baa97638-3f1b-4582-a544-092f63b889a7
82e22b66-1543-4fe7-b3f0-1824cffb3012,144696f9-03ec-41fb-b611-c4e417ddfa17
939c9f28-fe91-4a47-b919-1862e2c81fdd,00cba62e-f30f-49fd-8758-9d10b2bb9727
1c3f61f8-5d86-4eb7-ab09-190a4ff6595c,b598ac2e-19ef-4dad-8af1-38c921a8dc6e
0617ed0e-de5b-41b5-9101-19287447cc6a,7ddef0b5-dad5-4dd1-873e-50d84b883378
82c0b7e2-d4a6-4655-bf67-19cb537080b1,44343b6d-793f-427f-b60c-921171f159b5
0692a0c5-ab3b-47dd-adbd-19f9f6b6d4cb,ac30d949-4f9b-4388-b15a-a47632d7276d
8ef2ac0b-9c61-4967-aef1-1a128b776218,48f99583-ce75-41fb-9324-54955f15a244
c24d43dd-dbc6-47d3-b450-1b4e2b8fa1f3,fc826bb7-b34a-48c3-b886-ee8a712901ac
94fb4905-537b-4250-917f-1b75e536b54f,0004e3b9-033e-4fc8-b5a7-a352b5d0d3a2
6931d58b-dc21-4548-921d-1c4ab10840c4,279a821d-2c13-43e0-8eee-2cecb27e6489
a20d367a-8d5d-464c-bd05-1c98e882ee4b,e9331498-a7c5-44fd-8321-f2e601a26426
8fbb6fb6-0d99-4a36-b78b-1d380b92279a,f87516c5-9d30-424c-9d13-95debb8df501
42f38c07-fdab-4278-a062-1d60ac7038e5,0d81ccf2-f6c6-4846-9d35-a067965d2671
4bd4f44a-1cc2-45b1-b0d4-1d9955bfcb1a,20b1aaa9-b04b-4ac2-8154-f3847b91fe8c
b76586fe-6a3f-4543-84c0-1e00d7aed5d0,7039247e-88d4-4ba8-a791-0287febcf51f
b3e47c5f-6479-4ec5-818c-1e50099579c7,97179329-68bb-48d4-b41d-be28c3e254f8
0e6ff683-5655-45e6-b722-1ec832f6b9d0,1fd1b5e2-8cec-42dd-b931-dac2666fe7c5
bbcc6a1e-5451-470e-8f15-1f55d34e1c31,8dd19463-e221-45ef-8476-8b7a9bbe698e
fcb5df79-9080-4d0e-9e4f-1fa7a67cf010,b8bb7b42-37de-4d11-91a9-6c7a5ae53aea
5051c7c3-1ab3-4dd9-b9d6-1faab67b3579,2034d0b2-81e5-4ca5-9bf5-d9f4010102ff
dd32c5d5-c67a-4b17-bfc4-1fb1826e0bcd,c548c366-990a-466b-a78f-feac02dc123f
8455075d-afb8-4c55-95c7-20061cea2e89,ac76c963-355e-4e78-a2d5-dba303b9bfbc
bf0bc388-f729-4634-80c7-200b98eb4066,ddff4bd9-ff30-4a99-8cdd-b2fb6cc21f5a
f8559862-3934-4610-a99e-201771488d0c,80466f31-2c06-45e9-8308-eaafdddf149e
570d3bea-90f0-4eca-91c1-204887e4263c,8664ca92-5aad-442c-a723-7f1c9965dcf1
9fac98ac-0e97-49b8-a6c0-206164f5c48b,7ace2eab-ed33-407c-8c14-ec8ff87ddae5
12d4cd9d-e3a7-4183-813d-218587450cbb,5753b340-f08c-4d61-960a-f14674337f6d
213192e6-7caf-432f-9e36-224464cdaf3c,9d0b3e5b-0288-463a-908c-dbde4ad41932
8af5d763-afdd-4880-a4b5-22612d70d87e,85bd65ac-419a-43af-a8bc-a46bed880ddf
f054a005-a70b-47a3-bab3-226921fdbc54,6ea59776-37a6-428b-94c9-3d3f8ea1ba22
d58c6d44-e799-4c66-a0ce-22730a96150e,0de1a507-fb00-4f3b-9222-b8e86e3409b1
a5bad8a6-5b8a-4763-ac89-228656889fed,92118d52-cf26-4474-a8eb-6bc80a9cd8d9
05a28548-47b7-4006-b99e-22e840c57569,567add45-7b2d-45bd-b3e9-b75b43e88577
7b2f3a56-9a7b-4a43-86c3-2337a002e772,b926d7cf-7d5d-4502-a198-db9f49054a30
5729c798-18c5-4950-842f-23557a34c1c5,414e678c-1025-461b-b26c-2370fa4d8cbb
1cf829d7-fd71-415c-a35c-2370bbdfdf10,393e6ff5-cad6-4c5d-bc99-0c83f9d31524
08d649e6-2c13-4feb-85c4-23ed587e5d4e,ec539f51-0257-4be5-acb5-045cb8640743
f121b156-8653-4fd0-a541-24421ab0a63e,6d3c3496-ae5f-4c53-b114-2320eb01b905
a7d85dea-4bc0-41b0-90fc-24b38ed6c8cd,10567b27-0f82-4a7e-afbf-0f499042226c
3d5ded79-9c7c-47b4-81a9-24d13209f54b,62de1f85-4866-430e-bb8c-1cccc1df2076
dcf13cd7-6e13-40b4-8e56-24e1c5240df6,3154b7a6-7c1a-4da1-9053-3b0286f5ac25
007b5845-8c41-481c-b6ec-250b30fac1fa,1b65a3b3-a0f0-4444-a30c-bbf2a04628cb
e031538a-ea16-4c98-ae14-25256535ebdf,55707978-2509-43e1-b2d2-668259ea1dcd
a4991e99-a408-45ba-8bc2-2534683b9f45,e32716c8-d275-4d74-afcf-b44909bd36d3
8c4f47f6-f022-4acf-b290-25866c1566cd,5a0f12a6-9ccf-48ac-8a48-0368d7f9d777
8f9db7a8-691f-41ea-9335-2594c978b9dd,3b0e03ad-5ea7-46f9-92cf-bbf2f7443f14
a23b5851-edfc-431b-b42c-25b9266cb58d,96b39bdb-9852-4561-af51-a05e3048d2cd
806a4471-c794-4ef4-9ba6-25ed2a5acbff,d49b0db4-fd5b-443d-81b4-667ae15ed5bb
eb0ce810-b0bc-4645-8d2d-261aad1b726b,f1348c29-968c-4bf5-b56e-178d165e4c0a
6b9b190f-a47f-42fa-b9c8-2623ddf30c88,2d6667a5-230c-48be-80c5-15b09406173b
b38d5a9f-518c-4c4f-9eea-2637a4024dd0,b3b6f0b8-0089-48fd-872a-8b62499342c3
04e82304-b797-411c-94ee-2703474cf804,98740903-2e1f-4f5b-a75f-e7f949e9052a
77f995c1-0666-4181-aac3-273d13fd7fda,cbe311a4-8a49-448c-a846-8ef11037a31e
7601e72b-5ef8-4178-8b1a-275de777c5fd,23b35a19-dff0-4127-b91f-a53201d85b8c
c67977fe-377b-4b4c-a7a4-27f6d240254b,ba6f6305-60a3-49c0-b127-a1da4010b9a0
447b4fbb-43ed-4274-9b05-2829dfd7591c,c1c31f6b-f1a4-4070-8ede-d488b9e46cd3
de9469c8-e019-4b31-bd28-28721cbb2fc1,a78e6198-2dad-4a9a-82b3-ff5bab2dd850
07cd169d-35a1-4f30-8229-287660eaf635,0b6fde10-e07a-4180-a247-6e85a9ba4d58
360adcb7-393d-42b1-a8b4-28d0e5edff70,d89936d1-e5f5-41e8-a78b-8ff22e9c1db2
24e2ba95-e765-4c33-8b91-290fd7e9245f,a1a8eb07-970a-4042-a469-93975ca3fc95
601f9b5c-93f6-4b03-8d45-292c4c8b5601,359fcef2-68b6-4873-b6e3-7e72e3d1399c
be8153ac-39d1-431a-a95d-2957cddeeddb,a9be6715-d795-4d8a-864d-c45bc7f51f6d
22990a83-d042-42bc-ad39-299933a2d36e,f68cf363-91da-4c17-a868-a5dd11d2228e
e8d0bf13-72bf-4a17-aa1d-29b41e0ec1dc,fa133f83-0a3c-46ec-8ae7-b8fb7d2ea0e9
eb4d97d2-a841-4d25-9925-29db3857e5db,5970de76-2f81-4af8-85f3-daa63f197965
1135b02c-4e2a-4954-8a03-2a4b95809598,3375f55b-0157-4c2f-b674-ef987c0e695a
c6ba9c98-8122-42a7-91c4-2a86bda16b9a,55b5e8f6-9da5-4ae6-b075-d0734a0d2b33
33e0808d-359e-4cf6-9fe2-2a9c5263dfb9,1055bb0e-eda9-43c9-bacf-7e15f09b1b41
9b234e1c-8c93-4985-a05e-2ac495ed970d,24041178-7aa4-4838-891a-431472d32d15
6e927edc-74b8-4af8-9f6c-2ae9ad117a66,732bd5c7-bc2a-4c77-8df2-3dab1e9d29d7
289928a7-3631-4eaa-9fac-2b157c2d170e,12556d6c-0231-435f-ad97-b3604b7a54ed
9a753f14-2b1a-45ca-b8e2-2b67ed6a5fa0,bdf69af6-74bf-4e14-8b3e-79b7d6c7a228
bcca67fb-f44e-4ddc-87d8-2ba63ea634c7,26da15df-d987-4e80-b24b-731c2beedc19
ea4435a5-ef93-4a7f-b399-2bc307474ac7,d8c92c80-59b1-4de7-95cf-e5a554a7c6ed
f6a44fa6-f827-47c5-bc22-2bf637277e8e,ef106db5-8b88-4b08-ac73-568c2e2a8b30
db9b1faf-292c-485e-9a0a-2c1a0fceb72c,b8353867-495a-4ae4-9b4f-79e9edd5b970
f0f5ae62-5fe7-41e2-a5d3-2c4ca60fb27d,81c65f6d-f9a8-4f6c-bd53-dcb579d7ed8f
eb55cabc-7c64-4d42-9bd7-2c93d218b448,2693c6a5-f17a-4db7-b4c9-93845cbdbf65
397222cd-d164-4662-b7b7-2cad6cf2f0a1,4e643405-af7c-4a14-aba6-e5b678391eea
aeaf8750-4a43-4e17-93b0-2cc40f9f5968,b40e80fd-ab4d-4566-ba7a-cd72c921a6fd
f1ce6863-0d2c-4118-ba52-2d4503b914ed,7bfb9c2b-b3a8-4a4f-8a7c-c1ab9f06e612
4451c6f7-bb5a-4e66-ae72-2d5d9a0905a6,a04e1489-5fea-4b3d-be42-23b63cf1a869
07d4d1e6-69b0-46dc-bd26-2df6da982f32,5a713a3b-f24a-407a-be5f-d4d79d80c5bd
8e47bc35-a36a-45fd-9479-2e0e8a0e3241,de12c6c7-7741-4447-b8c9-ee06e0bfe146
40c96181-e21f-4fc1-99be-2e191d75a008,5fe91c68-69ae-41f9-a3f1-b0757f92dceb
5a06306d-e230-4ef9-865f-2e9238a0738e,29e34fcf-8236-460a-b73b-844c212478a8
ff889436-8528-4382-b518-2eb616790071,68f5f614-3e65-4b40-b9aa-04ef41b1bab7
fef8a49a-6d58-4720-a711-2f56c0708367,55e207d3-dc47-4fc0-9e82-6aa5c7191242
5aa9e74a-1410-4e4f-a55f-30419504356e,67360a7f-5da7-4d40-93c8-ebb8bd883aad
6aaca509-48d0-4e83-9fd0-30765443d3f7,4b1b7026-6b3a-47fb-a74c-b1d792aaa8b2
ea9777bc-40ef-4b9c-93e6-30c216b0b821,fb48ef87-6647-4545-9104-38bfd7cbdb79
8e97ac20-4698-4fdf-bc11-3182c94f8910,e9297c2a-484e-4819-9bc7-6c676de9b69f
9ca6d42d-387e-4ab6-ab1d-3188bb06dfa1,0145c158-78b4-4d97-b887-e1a62be502c3
f610a6a3-655a-453e-b2ee-31f97b7c0bdd,9c526e82-2433-4571-88fd-7814ffdca640
98b74675-aa36-40fb-b119-3282584aca99,1f26cc33-47d4-48e3-b4f9-2d0042c47f45
c57f1dd9-80cc-479d-9faa-32b62be6061e,9ff324e6-5ba1-4030-9ed5-772150eb7a46
c7aec585-32b0-4b5d-93a3-32bd86d97a5f,09f0b1b5-a7fe-4b87-838f-e8b560ea8075
4d889b7f-3043-4c06-9317-3338b0f66ba8,7e405170-0a63-4b62-a4f2-225293453de7
57235563-8ac7-48ee-9fa5-334599014a2b,8fbcfd05-e7ea-4c03-ac86-66f974695409
2872871e-c5a8-4c1b-9cc8-336f86e77bfe,580e46aa-c877-49e0-bb6a-d00208f780c4
bb153445-8387-4e5f-a2eb-338121b4f903,9c07c2f0-1650-4d7f-ae8d-0cb057f128c8
632c920c-17bc-4702-b28f-339a94e0deaf,2189f13e-217e-4a79-bde9-8dc1d9e1adcd
5a9fff7e-828e-4e33-9378-33b8e35ac99f,2957a032-2279-484e-a36c-f21acbc74205
2663ab65-357a-4b35-9609-341cb5a899e2,7b54b1f6-f3a6-41d2-b449-8179b23a3533
0af04000-7c1e-4537-95fb-345f2c3498eb,0f3b5eca-1a3f-4697-b934-4a32d22fd8b2
25fb6472-fcbe-4bd2-b976-349b99ba22b3,4a4a3b40-bcd5-45c8-8fea-a9ccc3d4a81f
a95574ca-46b9-4e38-9818-34da2c5eb1cc,7e89dd21-97ca-4489-9608-64c10bbaddb6
9d91a6c0-b4c1-47f0-a481-3533c282e563,62cf61fc-2877-4589-a012-b6784ea984c4
cd8d72da-af75-46b8-bc63-35419cd8b705,90f708a0-2408-44b5-bba8-2918dfa6930a
66d8948a-94e8-4096-aadc-3548eae72371,72b5dd5b-079e-4cea-86d1-41228f699574
f1bd15cc-73b2-4179-bd18-3554ead9176e,946deef4-4e25-4c61-9205-6bc0eb3aeb62
2c5cf581-62bc-45aa-b73b-356af770b85a,705641cf-aec7-473d-8f77-3dcf8763a96a
644a0c40-0ca2-4b4c-b67c-369127c3edee,2b0aa324-3958-4ba4-a117-663eeb696575
438be215-6695-4f53-9356-36b65f86afd5,764010cc-4cde-4fca-877c-7245adf7cf02
c3990d37-7191-4df2-8c10-36bc1c74a558,69832c49-4340-4d97-b477-82f0d015d815
55a9e7f4-2700-4cb7-b252-36bec03e27ec,6031e61a-4de4-4f3f-9b5f-36c2f9976144
8e6a59b3-a249-4a1f-b5c7-3711e0a4b25a,eb15bff0-0f24-4117-b985-a939a7fe5949
5904391a-176f-4f09-9341-3851cabda057,978e857a-9e26-4c89-8fb7-b111efc10fd4
af8cee14-c676-4c3a-9de3-38a867317339,820f5266-7c08-44af-95d5-8080da8ce270
c36ba6d3-0fff-4cf2-83a7-394c204560f2,5198160f-3484-485b-a398-c592c8f548af
67f207ca-6403-4dc6-9479-39501ef018f6,4bb6033c-a67a-4128-83f4-f0f2231a97ef
712b9029-3c06-4004-beda-3964ffdf3adf,06683f24-7980-4f05-a502-d04345df47bf
f7f765f8-e115-43bf-b832-39b823ce0007,2c2c07a7-0f27-4315-88fa-9af300d0998c
69b24982-2d20-402d-881e-39fd9ebeb8a9,188ee7be-3dd8-4373-a1c8-7e68fad0f921
8cd7f791-c29c-4d42-8b64-3a2d474c097a,18c4c929-7ecb-4aa9-b63f-ccaf9f5bc187
d130f24c-5cc9-4a50-ba01-3a36babc9668,ae4c7128-0e34-4596-ad43-e01d06b167c0
94dba00b-00c4-44b3-9532-3a6ff4816394,1b31e79f-0763-487b-9f87-75241101d856
2f343743-e892-450d-8032-3a7843ee7d20,770ce1cf-df4c-4b7a-af84-7eeaf17a9650
ae774696-f613-46fb-8f9b-3b03c4f1c17e,bb0e67d2-4bce-4d6a-838b-4b63a8c8c50f
3d0c2018-6694-43ad-afb4-3b4905dc9719,5217a2ff-e176-4f80-b5a9-def74de2a348
7b26c9e2-7dbc-4759-89ef-3c44b32e985f,72399172-c009-4070-86a3-6f346b725edb
3b96df8b-9b31-49c5-aae0-3c58c6a5f585,c882c982-c5a5-4ec1-8329-6e5f54e64323
aee1d460-344c-47ad-9a56-3c5e224dff0f,d6422a7b-6fd9-44d9-83bf-3cf8b5d4e003
c93b0fb4-b087-4b2d-9c50-3c695fd0ed82,ed62d207-a8ff-4cc8-b117-c44f78905758
cab93ea7-f02e-44a6-b468-3c69fb649800,d5a6cce7-f64c-4415-bd43-69d0d24febe2
6b84eb11-d722-4934-93d1-3ce964fb8369,bd5faeb7-7756-453c-aee3-fd39bb0e6dad
61280f4d-f57d-429b-9109-3ced9c88589f,5b1b0911-a678-496f-91c1-25797cbb7375
03346b86-9e0c-46c2-8f4e-3d3a602b7a38,413e780e-1bbe-4d04-9427-25dd51b8ee5e
b02b541b-3ef9-4a13-b6fd-3d48fba5701f,1b0cf7b4-68c7-44dc-b779-31e41e7ae17a
12776bd8-7643-48d7-83e7-3d7c66c7a728,64e1dedf-dbda-4700-807c-22b407dcfde1
feba5669-48e5-46d3-9c4e-3dd110f95a0d,21c30b80-153f-4a70-be8d-0b612cdb2baf
19ad8287-7ade-432b-bfca-3e4490b49374,922b1c37-ecd1-475e-aae1-9e05262c2b88
ee0e4d52-1902-47e9-8e43-3e9ee953561f,9b4b7987-c1d3-48c0-a63b-71aa8ed07044
1b17c7de-6e74-43ab-9288-3f22135d56e4,254cc244-593e-4813-9973-13da97ad95ba
428c86cd-a98e-4c7b-a136-3f41d65b0f35,eddb7188-2497-480e-baef-b7aea517f704
af2fd38c-c119-4731-a8c3-3f51a4b01164,4f1cb24a-4b3d-46f7-b88e-b8584d59e5ac
9417dec2-6ff3-42cb-8b34-3ff645663eac,d19b994b-3a56-4b60-834d-eff4ec8a7880
61ae501f-6d57-42ee-8f61-402aa13387cb,de69fc77-7fe1-46a3-b1b2-84826dd2e066
4c0f39f2-4a43-4469-b5dc-404bd04ca0b6,c8328054-9e49-4c11-8e97-7a36219182f0
bf927249-79e5-4242-b573-40a037b730c6,176b3af8-518d-4e95-9f8c-e4cfb4440813
524f8d21-a2d8-48c9-aa95-413caa31529a,ebfad301-f138-4d8a-9096-c9aa32a12a18
786cb6da-acca-4e22-afef-41e146443b6b,8f3fcb66-31ca-4db9-a057-2dcef31c0673
3a5e94f5-772d-4ff0-a639-420e69d988ea,5fa9c33b-2f5f-46a6-a67b-3f80a0402a22
60508c20-c728-4d9f-83c0-42dd9a9d3e68,99486856-666e-4953-a941-f1d9a01ca488
4a44a38f-8a91-49ec-a951-42de9db9bcc5,553e9a20-24bf-40c1-8210-bc2a555cfaae
de50e355-33a7-42c0-a4d2-436fb2e581c5,f773d873-b8e4-4a08-b8e3-3cea6ad7973d
3b749ec0-d593-430b-a98f-43e7dda5e7ad,cccdaa63-3968-4d07-a3f7-ba062cee7000
8018ff92-bf69-4f88-8a36-43edf158927f,baf6b770-c873-43f5-8d68-a8053d10d03a
9c1bf160-8569-40a7-8755-440844c7f934,8dd1f3f3-657c-4a75-9199-dca4a06a4820
ba9b9561-d735-48f8-a361-441138ce0822,3104bd82-ac2c-4688-bd0f-fa08a250c29c
90521013-4d96-4124-8dba-44633abe00da,7cbc95b9-772a-45de-b930-e918c16b3b00
59f53bd3-522c-4234-927c-44d9f4553728,434bbd23-0317-4ac4-ab99-0b4d0e166f7c
7ad46126-4149-4d16-97ca-44fd51cd4b1e,ef1036ab-8b11-4207-9661-e53b311747fc
cd9720ec-1730-4464-919e-4534d00bf9f9,800d0747-8b7c-4e77-b3bd-d58e3a4af558
8dc9d279-dcb4-493f-b902-463dea89bba6,08076dca-f891-4da5-8acb-d673adbad13b
e2cefaed-6b0a-4f85-8d7c-463e6b7d5dea,1cf5f3df-8777-40ef-a84a-a625f871c110
7b5272f2-a2ae-4c62-8187-467dec465049,891f601a-cb5b-4141-8915-b76fb50f8207
4afc2398-5dff-4284-930c-46b03af71c77,a1ae2c39-22d7-45c4-a991-adc1753146a0
4c27abb8-626d-4155-ab97-471d24b0c584,737628ca-73c9-4fd6-8e41-9b826ef891eb
024fb8d1-2612-43fd-bfe3-472fb9edba73,ec33fb2c-7906-4436-a32a-1d12f290642c
18890b76-bc46-4865-9d4a-475cea5659e1,87451d50-093e-4175-a9b6-4b93c31d15b1
4ba302e5-1b66-43ab-816f-478e6ac23566,a67b9740-51dd-4971-92d4-4ab83d003f26
0cb1375b-aa82-4d16-81f4-47a4ceebb473,bdcc6ea1-d494-4b6c-ba97-69d3aa6f74b4
54bb4805-a1c9-4d41-a804-481b41987990,2f371317-641c-415e-946f-d35a6bc47f29
ccac5cae-c6cc-4ff1-ac61-488a927cc8d1,b21b7278-9729-4611-ac91-c3ba91706dc3
b608d06e-cd39-4f69-9fdf-48d7b61c7a9a,802dc8e1-3355-409d-88e2-c37dcce61866
c28bc6c9-a5c6-4fb8-a7b4-49985703dab5,75098bbd-0c2a-488e-bbae-7c094a61d09f
7a917409-a8cb-4fb2-ba08-49a4612f419b,3b44932a-3b12-4a37-9085-d6ea6d278ba2
c9929b42-c51e-4c4e-9a53-49af630bfbc6,b160248d-1e74-4f2f-a568-66c453c64a5f
b7f0cff5-f9c2-4b5c-b159-4a991b7aba63,300e034e-4260-49ed-85e2-39a8d5030713
0facc41c-d946-4461-bc00-4abaebed236a,46ac6ae8-9487-4cd7-8a65-47133dcd140c
64c6f481-a5f2-4397-a2c9-4b0063ff1adc,832f0f2f-dba4-4ccc-8fd3-a4e99ee97472
486c4d86-57bc-4eba-9653-4b1e3b12eb2d,cbc55413-bc9e-4277-9ba7-206fb11e8319
379c1f05-ebe1-4884-adaf-4b450bf5a3f8,8a1f59f9-aea4-4ef4-abad-56de1be252ed
b7b92738-505f-4d07-8b99-4b4ebf43836d,82e2a001-156a-4b42-bba5-74625516bb3e
af977391-e793-4ae0-a9ef-4bf8f0b66540,749f4384-98a7-4981-94bd-7afa72fbfee1
b92a8b4a-2268-451c-8af6-4c3033b37f63,4c8ac0ea-8848-4f20-bc3d-c8eae67dfc36
87801f6f-5345-40b0-a48d-4cefd945fc10,8a80178f-b1a2-43f6-a7e8-74e537b6c919
27b46b14-1929-4917-b5fc-4dac2bd6fe74,02cf171b-0a77-4867-a21c-e4bde321d15f
4d058890-cd13-4edd-88e0-4eb5dd810056,564c644c-4350-4f93-97da-c82de3a2b108
cdb23c76-3b17-4335-8eb7-4ec84f268326,0bf3fe4d-f53f-44e6-b523-c7ac0202ff55
024988d1-0c2d-41b4-9c48-4fc9dcebd196,95a500a6-8ee7-4903-9cb0-79fe6a5f6d9a
b0b8eb97-a1a3-44c1-97df-501376c2d95d,dfb132ae-7367-48bc-b358-ff238bb0766a
4bc163df-244c-4611-a931-50ad60e354ef,1cfdfe50-2614-449f-810e-7785cf45bc8c
41384625-4b4e-4781-ab1b-511ebbc80198,afd231ef-3b17-44f1-b8f3-e446a3d70959
19be2c18-f2b7-4256-b1fa-5139e2ccc348,adfee89c-5b52-4223-8c26-6a2d02def494
71b1b88a-f20c-4650-96c2-518889809bbd,04c1aa74-c9c5-4c37-9bd3-0acddc39fe9e
74239590-6e03-4994-ae46-5236050b563c,7940c17f-01cb-4791-b7cf-951fd820c933
12eb79e0-6ca2-48f3-b843-530b5ac6a5c4,b119e26e-9caa-4243-b67c-b78adfe0b793
8e9a0da5-875a-4aba-9dec-53c1bf260baf,062f4896-b702-44b9-ba45-10278ce1eab2
9bb82aa1-b737-4a95-84e9-548d3dd383dd,9042c786-65b4-4b50-954b-ecaa18ec5021
1e34e13d-3bb2-421f-960b-54ae27d2321c,59411568-eb5d-4b68-98c3-4db233557acf
51411d03-ecdc-433f-be97-54bcded5bb36,24270082-c991-4558-a277-0528e06da0b2
82f840f2-8b77-4ba7-8075-54fd681e787e,41917867-ea08-4bc2-8e8e-c2f6d8171a93
57275a42-9873-4e86-b431-557aa1d1b9be,fd69c40c-773d-4b90-aa50-ec1b4932901c
c23a5b28-a2c7-4b4f-9e63-55a2c9fa98a2,431d623b-bfd7-45fd-b957-08c1ec7e8025
29dba7b5-cec7-4e5b-b41b-55a86a5e616a,999de684-29a7-418a-b15c-00af16d7a99b
815d3e77-ff81-470f-98fa-564a84ab439e,eab7731b-9985-4fd5-b35e-ad4f20f30e07
3da223a1-7598-43f9-8785-5655e6c037d8,d8b77fde-fc85-46cb-bf5d-31b5a0ff5059
2fd71006-58bf-45c7-81e5-566b52c999f5,b8808537-d96c-4472-a678-a06e1947131a
5360911d-733a-4480-982d-567c1c526b74,1950d24e-57c6-47ac-90bf-2a493fc8b32e
044ed3a8-e69e-432c-96b2-56bbef670003,f1ebb601-70af-4425-870b-76a73c8726ff
60387de0-3395-4405-8967-5712377f5886,66c46a0c-e2aa-4264-9e51-338ba05e1537
c1c2257c-1447-4739-bccc-5793e6285a50,06c5ed5a-91b1-4a49-98a6-ef132fefd2ca
0931529f-901b-430f-87f5-57e40c5467ab,abf0ee4f-6b46-43f6-8af1-50c2e4d2b76f
e61948fd-d7bc-47cc-9f49-58a042a07c0b,293dcf8f-28f8-49a1-a3a8-9a73a00dc07e
5ee269ec-ebe3-4a12-a811-591213227984,bdd80cd9-5967-49f2-8a96-659a6b62d2dd
f74f2147-5717-4d86-ad32-59482d0cce2d,091e5459-668b-48df-a62e-6955f1340703
80d78c06-807e-48d0-b448-59aad8bf43d0,7c40bf6e-7cee-41a2-8d66-d4857148f0c1
ddf70d31-dab5-42a9-a87e-5a4b1859b1bb,0dc81ca5-2feb-4a37-81ed-8bfe132fe88a
0b27a084-3eba-4cfc-9bb8-5a7f816bc2af,c251e728-f28e-4a1a-993e-1a5d5c9b9ffe
0206d326-f6a0-4bfa-9f64-5a988e0df086,015c7c0b-224e-4c08-a6c0-c62f646de829
f181fe6f-095a-4359-bc63-5b14ed52da99,be44b0e2-69ee-4361-90e7-d69fb3d5162b
f32ecf85-d574-494c-8d3f-5b9584efedd1,9885db20-052d-48cb-a25f-a1422dd1821c
2ed7f011-d859-465d-a037-5bd1339feeda,0ab7b2e6-5410-4128-af34-148e31fb556d
39cffff3-edc3-48d3-98d5-5beb060cca38,89729639-ff80-411f-8124-075356b4b3e0
28a2fb45-e989-4e69-bd84-5bee8c38db78,4fbe2592-c061-41e4-82b2-8da2eb3ccdf4
07a69b23-f0e4-42ab-9324-5c2a37364e61,f1d8b68d-b91c-4816-9148-734e863e4f7a
ffaa4ff7-cfd9-4aab-a8ab-5c8384dcba08,a68f4e94-ee1f-4b1a-aadf-ecd98b560e25
1eece400-3e3e-4c13-a8df-5c9ef11c8aa6,0180e391-9069-4fbd-951f-accfe7c453da
16e378c8-70cd-4d21-af70-5cd37fc99d12,108dc1bb-2c78-44fc-b956-da34febc2bd5
b4bd5ade-b64f-4dda-bffc-5d9070fd197b,06468c93-1c5c-4b84-b5b3-f1fe9c090bff
f5d3a8fa-29d4-4adc-b1af-5ddc5b37f07b,181f81c3-584c-4858-baa8-0c11f547aeed
6b611b49-30de-42e1-8f20-5e074ee2f982,fcb16029-07bd-4375-a1d5-3ab9dc8de183
0db63eac-fb09-4520-ad3b-5e3c4f414ce3,58b2face-4b6e-48b2-a41e-c40e9fd937f0
9d4ab7e6-79cf-4889-887e-5edbed1584eb,1f635b34-6756-4e8d-9267-78f4ba2be47e
b269f4e1-90ab-4285-ab56-5f0a0d06dc4c,0b5d0012-14b6-49ad-a14c-88ddd41bd72d
c4db357c-3f55-4ef0-8108-5f21e0051799,a496dccb-e3b1-40b4-8e32-c2d5aad40240
8b1a12cb-4523-4a9a-adfa-5feb17fa5930,bce89b0c-8699-4e44-a0df-f03b83ecc603
31427e3a-d37d-4abc-896d-5ff71e0e319c,a6fe5518-4b6f-4a16-9407-9d8a3da0271e
7d3cef98-e8a0-4ace-9358-60701057ae29,7683f74f-fc52-46ca-be13-243857ace684
42758c57-5a98-4a7a-ac97-608333d10ff9,a59effe7-a209-423c-91d1-2860a8e4d098
21c43a51-8806-4331-8749-60f3ee9362b6,17bed7e9-f509-41a8-a253-4a4a86774f06
f4e1adf9-2851-4ffb-b9ad-611711f24c8d,90d837ee-1931-4a20-bd92-4b5340ee7cfb
e03646b6-395d-47ee-8576-6155a4a74c95,e250a44c-adac-4fa5-937c-b99b225d32ed
34861085-b255-4bac-b5e3-616907184821,104118a8-b0f6-4d84-bd74-c8579dfd637b
fb25d350-7c76-4322-bdbe-61998366110b,b6b939e7-16e9-4658-8b6c-87324f9f6411
37fe733a-0153-4fbd-b196-61af5f2af91c,a5576116-053b-492e-9e6f-9aa18f1de206
f72ec9b3-f187-413b-a1b9-62109cf7de92,590be0b0-7a4a-4f0d-82c5-f03f339b90b2
65da13f3-3fab-4e08-80c7-627d26985404,6c113896-773c-4547-ad49-e32290d16316
5085ca69-06cf-4580-9bd1-62f522958a8e,b9c92ecb-75aa-4b4c-935b-a16a3bc7c787
e9b6b0cc-91c3-4e12-af5d-632e73c482ef,a5be7904-3350-487b-9861-f8add6620616
4967cad8-98e5-49f5-bb8e-63775aa0d1e4,f7462bfa-7954-4ef3-8a99-0c10e8e6be58
ff9c432f-1744-497f-92f6-639ce825b419,825b83fb-d285-47c4-a389-c5572cb07d15
64a46f6c-642a-473f-b43f-63d508cc1667,d1c00ab8-5ca7-43cc-8e60-39d5ffa03cbf
5ec27032-6842-4b47-b6eb-63d59a01f16f,5206c70c-b004-4a85-ad9a-bda28497411c
97a71b01-1050-48da-8ab1-63fd7edb3f5a,c6fefd19-6ab8-4ba2-b041-45296b5bd427
9da2f068-e427-49b0-bc4b-642dd8950681,83783a94-d9a8-448b-af4c-d1e6a4467424
055361ca-a783-4c28-94cf-646e2591643e,cb5de34a-06b3-4160-b837-8537377d01bb
681d9af8-415f-46df-9dcd-6474c2382359,e95a4ef2-0c4b-476f-842d-e53f0bc8f44b
43d0240b-747c-4b45-b58f-6477f9ced6d0,fa98ed51-83dd-4e0d-aad3-dbb331fc5bcd
5192da59-5032-4aad-90ef-6539686890d8,e1b5384f-06ce-4ba8-9cdb-a8a6d8ddfeb2
248ede58-bd61-43b2-8941-654d0be32a9c,751a63ec-5321-4c49-9fe4-4b7f8c0514ce
ca3e0729-4edc-4ee4-ae2f-656cbfd03c90,a551e84a-79e6-497f-8ba3-33435399f3e2
ed16e03e-cf9d-4976-8b40-65eb0382bd55,9d1a21b9-2b72-47ca-86b4-342757820914
9e4be09a-4cb0-4943-b1bc-66365927317c,cc354c64-7a0c-44c1-955d-7e0041bd3f6d
27736d99-cf7a-439a-824c-666e7726177a,5039a115-ad46-43f0-b243-2a147396f397
04a9e2d3-b1bc-4f08-b6f0-66bf9acd089a,f1447b6e-9d39-453d-b004-12899914a920
e062d698-575e-496c-8ce1-6714645b0fbe,f6f12df3-525f-4a85-9fed-3b624084cd58
bb42c013-fd09-41e8-adc9-674a3678adce,2d03c259-f326-4245-914c-ff24d57e7ffe
3659866a-dfc0-452d-92d8-67731d113207,eee19130-06db-41c6-8c5d-e5e55a8f6597
701e3c52-e8ac-4ab8-b081-67d190e035a6,54a1ca55-82d6-4a50-a138-db3914fe107f
c817a72e-5618-4149-ac4f-67d9630881ec,5b89b7f9-4d12-489d-801d-96d0819aaf34
6156ea20-e3b1-462a-a8fd-68113d501d4a,99f33fb8-458e-423d-9909-60859486e651
eb384edd-0118-4014-9c79-68acaa8bca93,e39d9af9-be83-494c-841a-70eb0a9daee3
aedd3c54-ed04-4776-8cad-68d4afd28e71,6046761e-f245-4fc5-9d64-92ccff2a189e
99becfaf-6136-44ff-b043-68ff65c797e1,30f9e476-309a-4a41-a287-cc15ea487de1
89d3dcd3-6a8b-479b-8120-690806e87fbe,36b0822e-8202-4800-815a-d347c9dc7145
7398f5d6-3322-4bdf-add1-69b634d60daa,6dc0f656-f135-4f45-b39a-44cc5b4218ca
d4dec61b-cf5b-458f-941f-69cd62445998,5b036553-6f24-4f25-92c3-473143b59790
792a79a8-ee3d-4bd2-b1df-6a62461d3338,00bbdc8d-d96d-49ec-81a3-e888e28b54c0
cedd7b87-561f-4a99-957f-6b13afd50314,06c1989e-db8b-4095-a10b-cdfbd061205f
8a8d3e6d-5b9b-4516-94fb-6b1f49a82c07,6ed68165-39bd-4477-86ee-744faa06b98a
85944e0c-df8f-49cc-8364-6b721063924a,e612b9e4-ca68-486a-bbd9-cc994b212715
7194e16d-c941-4af0-b553-6b7a397f7c8e,0f46f2f8-54ec-4f64-9b50-22e5ec1d6cb9
f82cf45c-c4ed-464a-a9a9-6b93193fbd2d,cbc37cec-e5ed-4346-aa69-ada3ec2487b7
e86dfe4c-3b54-43cb-b4a9-6bb1eb076eb4,b78fbae2-bc65-45c1-a8c1-246fd5596ff4
36c9a5a1-fa11-47b9-bc7b-6bca1fc9c3c5,e3d91ba3-34f3-42ac-bc61-6e4983161e25
e76c7b12-8f64-4aca-9305-6be827ea842a,f7f890ce-fefe-4da4-a0f7-68f56bd0ab02
89055731-7c3c-4731-9a84-6cb29ab65c75,2858389e-85f4-462e-8853-599954ab2411
d997f1a2-ef9a-4a34-ba5f-6cef156b083d,11364dbc-d8a0-431f-a366-63bf873a0e3a
308cba43-4aca-4085-849a-6d801e62b23c,986f7bc7-7ee5-45ef-8311-b142184e0654
e2c4909f-c842-4752-9acd-6db43647436c,053edf31-33ac-49e6-833d-61f70966deaf
41702478-fa37-426c-9f89-6e09161bea7e,3b2d96b2-0f20-4381-996a-761e7de61811
2f577788-44d8-47e4-a775-6e125d7fa365,450d3d59-a48b-460f-a016-99b29f079cc1
ec400819-ff26-4b82-b213-6e3f4ac46218,120d3d5f-1f4f-4f89-bcc2-81d2729b6a24
97def997-76f4-426b-92dd-6ea6f10fba32,8427c934-f6b6-446f-82ca-c0a5a4a4ddd3
7a6b7bf8-cf42-41e2-9616-6fe60dc066fa,9e926ad9-9c6b-4310-9f0d-7b9eef4b6791
96bd85b8-d143-4f35-9836-700cabd2aea1,c6386f62-b87f-4f85-a38a-d3d12015f71d
89c49d45-6ee3-41e2-b818-70426cf3ae2d,9cd451f9-0715-4c10-9a85-b73739744345
d97bf18a-6cfa-4716-b593-7078236dd0be,8d0f8fdf-06c2-4026-844f-8ee298fb3105
74292eec-9f6f-4faa-ab19-709e0b5e13d4,a3cc833a-33a6-46d0-b43e-a171a56dbcf9
2747d27b-1e85-42d3-b0d2-70a1b37a79b8,e6ed4320-b1a7-45d0-b3aa-3f6774e719d1
b8612b03-4bb6-4a5d-9190-712025ec1a1a,e0772ee9-f9d2-42aa-bfbe-63cdd5437d50
aaf71240-a7ff-4847-bc38-718caa3ce041,0b482d83-f619-4d0e-b1f1-f353c1bb267a
6477d026-efa5-49f5-a0f2-723035ba0b41,fe55d4c8-8c3e-4951-aa92-05b66e784f56
20a69a0b-1e2b-41b6-bae6-72bf150b2bec,ea672aa0-2108-46f9-baef-33e432370157
7516e9bf-9008-4f58-8d26-731fb3a423af,cff91020-4ddf-49ca-b747-d84502fb656d
10d623dc-ded7-4ee4-8408-7322e8746ee1,5738f21d-31a3-4cf4-88ee-1f059ec3d1a5
c8906625-2028-47db-bae9-7338d95c2930,e14b4714-1b20-4924-b3ce-85e48e7285bf
8a6ea5f6-cb13-4bb7-ab89-7351c7ceeb05,c38da6d7-95cc-47e2-8c65-ccd3f96b9503
42f51cdb-3a65-40b9-b541-7415232c43ad,05f50978-517f-44cc-a2da-f5487005ab76
54e5d4c7-9007-4fa7-9823-746cf91258d1,27bae7d9-6662-4bac-bf01-41eb2f84bced
1a23849b-67f9-4129-8b14-747105c3fd8d,d43d53ef-ab13-44a1-a743-7511704bd7a9
95faa22d-9aee-4e20-a0ad-747ca3ba34b3,ff4d20ae-5d6d-4a8e-823a-1b252baba9e0
e6ca1506-9d46-4bde-8f66-74af25e36eac,1d8d3371-c48a-462a-ac86-28450a0b439d
86c6f488-0c26-48b6-8627-7519075f8e89,fdc09976-a10d-4a2b-bd98-44bee9671995
be2a6a46-d76d-42da-aacd-752b4540d182,84a8e407-4093-42cc-b851-f760538b28f6
abf3884d-012a-4fb4-8d09-7589129e1f88,27116197-5673-4021-83ed-fe59f7d132c1
ea1555e3-9c65-43c4-b153-75984a55e57d,b226bcd0-cf96-4db7-bfb1-21b4d13d98de
21b271ab-1cac-41a0-b1f9-75fbf73534a9,8a6b62a6-fe7b-4803-95e1-b2677e9f0e63
40b0d4cf-24f0-441e-87d1-761ca8883adf,f8f013cd-523e-40ca-8b36-9dc1a51c72da
6a99868b-7c88-4aa3-a43f-76ae2844b54a,40da70fe-096f-4f2c-8178-acc80c205dd7
dc4d4b21-7302-46d0-b178-76c7100e4406,94d94aaa-62bf-4445-b654-c235017c615f
9ca75cc6-ca46-4207-a837-76e4ce4ec45b,5486abe4-bd20-4e5f-9e06-1da449a84cb8
57612058-640b-4fde-b1d0-77223a0de7ff,9be86a63-f205-4223-8fe6-bf35a1f08a5c
d4a8e25b-2737-402b-9e60-778393ad7a06,7964250d-6c41-473d-93c9-180ae357716d
5837864f-6551-4c55-b98f-7793e055701c,787dc922-5176-4c5d-ad4e-a5d81f5400cf
f5ba67f0-d1a8-4b0e-9d01-780c9bae6b5a,015943b8-01de-4e5f-a64f-13175230f80e
50d1c4a2-3be4-4f6d-8062-7870efd3443a,c3ea5243-a5f3-41b7-85da-0c235eab4a9c
a1b0b3fb-0e09-4964-8ce1-790b6b601309,701c515f-6a12-4665-9bdc-8fa4f980ee90
5d76b907-cb8f-4cb0-ad1d-79606d0ef4ca,9248bacc-4d5c-4758-a250-4002bd645482
aea5202d-4f74-4f8d-bd3d-796fb735736c,9b3da740-8725-48f5-a817-ffb7518146d0
c50f3610-755d-4ec5-a9cf-79ad7a2bbf37,4d00cf5e-8f3e-4caf-a5a4-775e24a9f37e
82908ad4-7d1c-4437-8f2b-79ae4d98f730,bbcef222-a46e-4e3b-82b7-07b084e68d8e
0ac2e828-e771-424b-b4de-79f918616e61,9886caee-dca2-4dfd-b3f9-90a241ff9f6f
d477df62-f74d-47a3-b3ba-7a647c19af26,000617d9-5d5c-4788-8daa-e0d7c25c5564
13b4342e-e53c-4dd2-9f12-7ac03739ed63,2e9fa728-aca6-4fde-b212-2ec86bd7692d
b54915b4-319b-465e-84aa-7adcd5784a5b,a3934548-e709-4580-8841-d1ce7df3cc2f
c5d8ada9-6a61-4f98-8e23-7b1923cbbf53,6ffc9d4f-cf9b-42e9-acd7-aaca85b4aee9
8178a7c0-ce2e-4658-b39e-7b4ced6faae1,632b080b-d313-454b-a0a5-79db0a730d6a
53496905-98f2-4cd4-bf5e-7b683bac9f64,e980373d-56e9-42e4-8775-f50cb99b9e9b
832038af-f158-49b5-8f9f-7c112f38636e,219a700f-9407-49fd-b812-73df104495a4
ac91028b-6b2a-4001-9f09-7c897713577e,d66ff170-caac-4b2a-b246-3afaaedb3708
34391ba0-62c1-44fc-ae6e-7ca3a59c8307,4bdaf7af-84f6-4823-a95f-2a6fd8058923
993108d1-cf47-4dbd-af55-7ccf803e2553,641d85c0-779a-4fdb-9d0f-3fecca058d5a
1a8ba8d2-5936-4aea-bdbd-7cec3a240cb4,3eef0f99-0749-4b7a-8cf6-251b4f61e036
653911bb-20bf-48d7-ae19-7cfd2606c9e4,53d36ee6-1318-4265-b036-456b9190ffb6
69608256-76e2-4f1d-9c60-7d185c8c1d34,0ad463b6-de34-445b-b3dc-e9ec9f5d02e4
bfbc9ab9-da02-434e-b573-7d927cf114c0,9859d869-c542-4184-b0d3-2c1528e8ef13
5da81e3a-10b0-4c8b-ad90-7e1ecb6e2ceb,041d8aac-00e3-4ed7-9ec4-99f04f0dafdf
11475a1b-8eec-464d-8084-7e411382c531,2898c498-452a-4c99-9c59-430f738ee23a
9171c7d5-1ec7-4afb-aa53-7e4b410aa705,327e4a2a-382a-4ddb-be55-6e55d43384d0
64097fef-09e2-40d6-9586-7e6657e5d962,55ea3812-5a13-405d-aa13-cffc544a3422
4e2f10c2-02ee-4d44-9df8-7ebadca8a4b4,cc64982b-c75e-4fc5-94a9-bf0ffcc36020
ecaae1b1-faa4-4db8-a0f0-7edc3feec97e,9eff294d-3bf4-42f9-ba85-2518da9dd75d
b01e3246-0e39-4f80-8354-7f11845cd9fd,0a920005-8a52-45aa-957e-7023a95b6ebf
2a2efcb1-0053-4cf0-a2ae-7f1b5dc7e17b,ec791b4a-0be7-4043-8bce-25981397158d
7d79c1cd-bbc8-4b63-9df6-7f1cb59a7d42,5af4be3a-62a1-434a-ad4c-3004eab9a1d9
f43c8aa0-0522-4cba-b505-7f33ca351a06,b82cc005-c67e-4669-b952-399db132877d
44e4d8f0-bdc5-4700-8b8f-7fb1bab292ec,34a69793-04cf-48bb-a1a8-172ee9e0406a
a7dd537c-862b-4604-b556-8098a1d379e1,83a7e0e7-feaa-42cd-b37a-548b11f56566
33a4dffc-87ba-4c1a-b01c-80c231ff210f,bb86f974-77e6-42b8-88b3-2a020c97d2f1
6dcb19da-cb0c-48be-bd82-80cbf15f9a32,0b70ff9c-89f8-4d02-868d-283c64a505cf
664ed71a-2fba-4357-9249-80cf2afc1f7d,8e407865-3943-4024-84d9-72515a710354
f756286b-555c-48f2-8ceb-811ed52dc106,77cf907e-a10c-4176-b517-aa67fde9ed27
3f167a00-00a0-42ef-a9e4-816d457d18b8,ad6e4a59-16fd-4e24-b323-0863d2d10da9
208618c4-2528-48fb-a46d-82b8bd6c438a,d575c536-293e-413e-aa2f-0ac03fb847c7
09eff0cd-e34a-478c-bc5f-832a407ef3c1,b70f7c1f-632e-409a-8278-47a4a8193bb2
02deb6fb-edf9-44e4-b194-832fbcf16449,0dfae866-1660-4436-96d8-e3a50ccbc4ac
f8a986c6-d6dd-4cf9-a470-837d0e8576f6,9800abe4-ba51-4cb3-99ef-17712c630985
7e13c5a5-f0f8-4809-8b7e-83817c10f9c1,1b46e11f-c9ca-4352-b17d-82fad182e5bb
b8b3bc6d-fe07-4838-b7ee-847087eb73de,bc7292e9-8b96-407b-a0e1-679a2a34e7e8
fe52f17c-1e7d-4b90-926b-848929ca79db,86036e65-7e86-46f8-81c0-082acecf4430
75cbe66d-3cc7-4a84-a47b-84aab8eb2883,72ce2550-6d67-44db-b69f-e8046192f6b5
4600c378-96cd-48f4-a01a-857a762ecd10,5131be61-0046-470c-9188-45c4ddb7c225
a702fa4d-9b61-47b7-b537-862e8e2f755b,387ecf57-99cb-47c9-a508-2ecbd752714c
f2e23642-f1e1-4a63-825f-8645a8aa3ad6,23df3c82-359a-41d3-864a-a1c94201d5b0
0ce57736-db2d-4b2b-876e-867a4775d0bd,5eb5e257-932d-476e-ad45-2c32a49f4c6f
ba9ff2bf-edb1-45fc-a96f-868e41d6dcbc,99699bec-c166-481d-b16f-bb540e367ef4
c0d41e9e-5ccc-4848-a9da-86a1aeaa2ebd,cc5d3857-0799-4282-bebe-4e4e618a0a13
16342468-6ef8-4589-a5b9-86aedc2d8950,c3746957-ed56-452e-aa32-892be52ed6c2
71377d78-b443-4fe9-a5a3-86ca45e5b241,5d7c6608-4c29-4af1-8678-1196322f7a63
f48e4e06-0ddf-4dcf-8924-86e6d7cf7dac,42faaf9f-0704-4176-a557-41e576082bb7
46f6c15e-ee02-4940-8b9b-87089c35cf3d,2f0c2d1b-b44e-4f78-8e9b-f943bb6737d8
ea6442cf-284d-4f88-8259-871e51fb314a,fa0cb525-6f05-4b4b-8c5f-da154eeaeafc
331de992-349d-4e66-92fa-8726b9b90076,cb4fde66-e3ba-4ac2-ae93-2dccb3ea3314
9ca2f8b4-07c6-493b-a367-873be72f3448,511b04f9-7c3c-434f-8342-9f34b6cec83a
b998691f-fecd-44cc-adb2-874b5d2b7477,9e544095-5ad5-4645-91e2-79a4a406956d
cd1fbe8a-8e14-4d9d-9859-8779528c0f3c,472127ae-f467-4cbf-a740-82f9f98ea391
01882bfd-ca56-43dc-bb69-8792e696f6d1,139d118b-87da-4eb3-93f9-60d21c3f8e18
d9b61eb2-7a02-49b8-a390-87b3191cb72d,c0f663b7-8287-456f-ad3c-17eb70884862
2c291ac7-0270-47f3-96c0-87c26ad101ae,458a4044-f446-46d5-be3c-7a6cf23d548d
81e1ea2b-f244-447d-92ad-87d975eb1be0,dd9c5816-f682-4cfa-9280-dfcdd8d4d93b
31ba5a2c-0ad8-4f44-9dda-87f9871450de,e9d18bc9-f0d9-47e4-b72f-0e4e98cc3be0
3f27df14-8d2e-47e6-b89a-883aefaaf47b,895d2355-d14d-4d68-a7f4-bbaa022de305
06c44a09-ae37-48d0-b79d-8871a405297b,27154059-c72b-4298-b4fe-a68eb04a7fbe
d9d076d6-88fb-44e8-8c74-88f8954cb983,064ff500-57a7-468a-a050-0538000f46e6
da367228-22db-4e4a-b732-893b29878c8b,49b65856-4a65-4227-b1b9-158de2c0932b
367c28d6-e083-4f4c-a9c6-897ddde37236,a0a2d097-0b1c-48bb-bbed-6d2d3dc1789c
3265f2af-8fcc-4e87-bd36-8a3f941ec02f,de6c3832-1d8c-4bed-8a2b-251e34b4edac
314a9ced-41ff-4634-bfc5-8a8388f0a445,dfb77c93-6184-4b1b-8aa3-5e509ed24305
edf570fa-f6b9-4270-b51a-8adccaeb5c51,bbc181f6-1f70-496e-9a50-96d13b2209b6
ad544987-0624-44c0-857a-8b94cfb10f5c,b48ca2cc-de2a-4436-ae34-95fdfb184634
55807ec2-06d0-4cec-bf9d-8b97c77e545b,c5352224-a0fe-4374-944a-e8e1ac6d7d5a
6eb8eaad-1068-4c8a-a5a4-8c5ac75ee32b,a35bf1a1-525e-4bf1-8c30-267ddac4d402
062f893a-5c33-4a29-96d4-8c888817d5bc,ff7640b1-6afa-45d8-a7b1-6e4eee82c086
84daca73-07c7-4c64-a62f-8d48d700d189,fa546eaf-87b6-4305-b619-1526523dc13a
8dd74b5b-41e3-459e-a02e-8daf1b8289c5,8d1cd16c-a199-4ae9-a889-86e7dda0f2cc
1b9061b2-8eb4-4da0-ac9b-8dc0e1b7bf20,7e50806b-7277-431a-9f07-a5c319e3aae4
14ae544c-c332-4d8c-bbbb-8df1e67bfd4e,c5621ae5-dbfd-4510-ba2c-0caccad55d7b
601fee04-b724-4e40-b0a3-8e625633150a,f8257e8d-bc51-4d55-9eb0-88f1b4db8855
77d813d3-7430-4d27-8e98-8e6798dd7b65,1727e58b-69e3-4550-ae19-17797bc84530
c02169ee-418a-4ea3-9fe1-8ebf1bce241e,03ca9728-1f43-4046-8852-99402fbdebe7
861f16d5-f3c3-4337-8d3e-8f4eba4e1af4,51c17b29-b20d-4bcc-9db3-4712bf6e782c
c055e00a-1b0c-47a4-b427-908dc21c78f9,3e789c7f-4447-48e8-931a-5a134f228b3f
3c7799ec-3ede-4db9-b002-909233d00eac,bda4692d-6606-4050-a373-f07559fdfb9f
7ed1de8f-b44f-4c2c-a2e9-909347cafd81,b88f7d53-670e-424a-acb9-fa4b12056570
f4d64c90-f82c-49f0-82f2-90b785fb5da7,dcc6ccbf-45e3-48ae-8d46-e44e1f06566d
57aaca78-64db-4e3c-873e-90d85a68c4de,ed221066-4c0c-4e87-96fa-95fa7d7767a7
02f1b67e-bee0-4a96-a4cf-91cdf3f6b851,43e2e0ac-1b3b-44b9-baaf-63fef2f7437c
6d9bc3fa-cd40-4d5b-8dbe-921fb7171545,c1f910a6-4e9e-499a-950d-b946ec100156
b23c44b4-fe00-4df1-a244-92c3081c9374,d44e0c3c-2c15-4b23-ab8b-2ef5c0f14f85
969e6c79-e5bb-4886-ad7e-92e1e1ddf1c6,f9f625dc-f634-4619-81a0-860ddc7a21ae
3475cf81-87cf-4588-8c97-930100637df4,2713255d-d523-4c4a-aaed-b515993165f4
422a3693-130e-4511-891f-943ec416b5f0,4bf90628-4638-4045-afa0-c509eb05d250
faa0adc2-1f37-4e08-8a7d-944439faaf76,381c9005-ffa3-4366-87b0-67504e4b01d8
5588b20e-e17f-4a2d-8b69-9488d22a23ad,197cb8d5-62e6-4351-bae3-16cbc3a8c3bf
d1ea0b7f-66d2-426d-956e-94897c734733,330e69c9-c507-420d-bd02-41f9f3b32f0c
5fb9afad-454c-471a-bef6-94a57c1624ca,5c0493e5-eccd-46df-8940-51653fd5340c
044678e0-f28c-4895-a26d-94ffc4ad6488,6f3060d4-f1c5-4b23-912d-c3d4b9560c63
16f7283a-8881-4cd3-8919-9575b0774655,1c1669b9-e77e-493a-8033-485a7a0f898c
3419173a-bc5e-4f7d-aafb-958650c35df9,af1a8672-0a47-4222-a1a2-1d8a9c21d8e5
7325b543-d720-4dd9-b782-95c1a231b95e,bfa997e4-5fa1-4e42-ac04-39900a5e467e
15bfa0e3-96a0-4538-8a9e-95c20219dc4e,ab84644d-bf4f-48c0-997a-6590404ad030
8db6df0f-9eb4-45d3-8975-95dc3bfcd88f,6b464182-b034-4f50-87ee-e3cd4132e0ab
af993076-b457-427c-8ba5-95fb8f8c4d12,a748e04d-5f2a-47a6-bc09-559627c43ce4
f5b7b3fc-3588-4ec5-9058-96239027d309,80f56fe4-54ff-4905-9871-ef508c494c71
63a97fda-e8bb-4f92-ac20-9698f8da06e1,e5f662d2-7e73-414e-9131-41dc3e9d646a
befab1e7-4ca3-489a-9cb2-96c2240ebf8b,5880e8de-8a76-4e2a-b6a7-0467d38ae06a
e42d77df-d6be-441d-8228-96cd15fd3b99,e5abf739-3685-48b9-8b53-2e90193796e7
2a5c52d7-ced1-4bc6-88e4-973ba6b4a69f,2bbc278a-30ff-407c-846c-6b22587ae446
f52df3ce-3256-4961-a43a-9777132e07ec,6d464de7-879c-4bd5-a085-5023469f89b5
2371ce50-9352-4c7d-9822-977f92757bfc,dfe77da7-ec89-412e-ae0b-d00a4814ffe7
0552ea3b-8962-4e78-a686-978149b19f1e,8121793d-802a-46fc-8a7a-44df58575061
8c03ea5f-b52b-4389-be5a-9787ba5b98fa,3c6897a9-0991-4f91-b695-97081733e157
a381af04-d99e-487c-a2e5-97d113a5e22e,747e8dcd-40b2-4f48-9497-c46709e8fb36
657bf6a4-7b48-4c82-9fba-97e761c0312c,ad01c448-34d7-4ca0-9648-b2e935363e23
2831825b-2930-4ca8-a7ac-97edff9d7436,c2f8f884-3ec2-46b2-b9c7-1caa1acc45df
4ee0c1cc-ed12-4690-8473-98b914149ed8,fba4f1f2-b78e-4453-b730-22b320194076
2510762a-7009-4237-9637-98ebb7bf2162,c118d556-5d03-4115-aef5-5d51065d7eec
ff2d974c-5ea5-4498-935a-9a1482b1aa13,724402e7-467e-4712-815f-d26373dd5212
e8005aff-38a0-4815-8249-9a41927c054a,49603230-6e8c-4e5d-a02c-4bf4ce661805
cb72dda5-1c3d-445d-aba9-9a89e1b71725,6cf76377-f4e4-4ff5-aeb8-d8b4d1ee376e
adf1941c-018c-4d9e-b589-9aed68c2fd47,b6fc4e6c-1447-418f-9d9b-628da6902bd3
c81de95b-fb8d-4c6f-a99e-9bfdb158ebd4,0a8f07d5-a25b-444c-b62c-d5c3eb52e949
665cc2ca-e89a-4ed1-965e-9c592e079bb9,b8e07b83-869d-44e3-afca-95d64bf5244b
02b23349-a44f-48a8-9995-9c783bfe5eef,d702242d-2e19-49de-b93c-266f9393b4a5
4587f21a-a4bc-4ca4-ad24-9cdabccda281,642ee2d8-eaba-43e5-80d7-33109120c0aa
86a4252f-fbd4-43d3-a52d-9cdf1f08493e,7a57b32e-4ad5-477c-aed5-b5a7f2c8699e
d7883b06-ea87-4b34-93ce-9d946def5fc7,41c36e21-90fd-4983-bbd5-481415897b21
a2a3bceb-d8a3-4743-9dbe-9e39189be749,6c952293-b5e1-407c-9c45-d6ebbfd25aeb
9e00b554-7434-417c-97c8-9e3ec33af105,a26a42dc-d6fe-4122-9ff6-add61f048df8
c0afe549-18c8-4e65-bd14-9ef7786ee7c9,9ec75a88-3ed7-4d4a-b58b-5a0b3c7802d6
6666ff21-ca84-49d9-8251-9f42b014ae31,9b3a42dc-db7a-45b8-ba80-0b7ed32c2943
1179070d-8c86-44a9-b6d7-9f7a1f70523f,51bc6ec9-8150-4c79-9cfc-ad7c44acf869
713657f0-b360-44db-b159-9f7b7ea64aea,23f2e521-8b8d-41f4-a0ef-00e9aeed6ce3
4374444a-8ca7-4633-8ff2-9fee35d95037,d1547a76-d548-4a00-98c1-e4f4aebba3b2
8ede5f7d-b79a-457a-952b-9ff22b8d130d,f29771d4-c26a-4c74-82bf-27e5877b64ca
f86457dd-cc81-4cf9-90b3-a01ae3985069,13c4c28e-5523-4f1f-a506-1541155c6897
9d4aec43-46f8-4acb-80b8-a05ee15b5c0c,a1beea09-0157-4acb-a534-fbebd36a3036
90c5d0d0-f9e3-46b0-8f7c-a07176623726,2b5b7f65-fce5-41eb-a808-538c1d0edfa4
c35de9cb-cafd-484c-a35a-a126ec04b9b0,de2ec3a9-b354-442e-a0ee-8ca26ce464c5
af76fe8b-e0a1-4c11-a0ae-a1524ab35048,b7b30d5f-f219-4941-b534-7d8f7c88bc3d
9e124f63-22dd-4aae-8431-a16410f673a8,e0d7c5c2-dcf7-45b8-ba9e-50055da0a6b0
764fec69-ced3-4750-aca3-a1a2db8c09f0,65665301-e47a-4b72-b0a7-5a02ab1e72bd
5505df80-9436-4511-99db-a1b06426467d,e8ca7ea7-9837-427c-a293-edaf8f21f500
bd4f94e1-5ac8-4dae-96cc-a24fa3dfebb4,3e548d8f-f07e-40ea-8f23-2192862304bf
ad74b8ad-4aba-49c5-b429-a372ee416587,c56390ca-f509-402c-bbb8-22c5f6acd923
b7a4a947-07c4-4200-bdc7-a3ba5849065a,ddb80c67-2afd-4816-b02b-99a2800dba88
02d35498-cf35-4dbf-8bc4-a3df513f5985,133d1f6c-c2bd-4f0d-8df1-5523edeb2f73
77d4d595-e64f-4d12-9b6b-a3e5d7b858a0,c80ca085-6caa-4234-8b46-6b84c17f6f0c
f70b91d5-6672-4b5b-b2d5-a406aa78abdb,c17a64c5-65dd-428b-8261-2d47c4c9b6b0
0554911f-435d-4984-9670-a4876ab86506,57d05522-c67d-45d7-8d41-9990e90e7d18
bf6af0ef-2740-45b0-a609-a4cd08b39876,a8d0198f-15cd-44aa-8a0e-1c249f47a772
6344311f-6b6f-4228-9f30-a55baaf605ee,20973387-fbd6-4dd0-bed6-60ecf5d9ce74
58672395-613c-4413-9b49-a574d75a7d32,d79bd05d-0f8f-4388-8f93-6f8196b2c868
52b6b6b6-f8fb-40f1-9047-a59995661cd1,2a5da337-18a6-479e-9cc4-a4b896611774
578dc5fa-ea3f-4668-900b-a5cdd88e6140,d39f42e5-ea32-43a3-8ba2-474ed3820db7
5a2bac83-f9bd-4702-a244-a64918b67ef1,c590dc6b-df1e-4214-93c7-66cafbc990aa
f0413c8c-cfc8-4d29-bf1a-a6742ec6014a,839bd26d-a851-40f9-be40-79fd447e8535
e451bd99-6e22-4b0e-9696-a68d0bb54e32,e0d8a526-702b-425c-b58a-9ef243a2c9e4
dea677a7-ec85-49b4-a2d1-a6a769d595c9,1a1b452c-4e49-4930-8b4a-e2028644d9b2
d47fd6c9-ea75-43ab-9d2f-a6c711109faf,d74ba7d4-0f90-4d27-b90b-f5d621c1c05b
f6f243fb-c10c-4b1f-8a2d-a6de0f657f24,57fdbe00-cfcf-4421-bebe-3c6285e3cf54
3d311942-43da-4d5e-947a-a6fad6265e75,daebe1be-08a7-4bf9-9170-c81c5a45a6a0
d8404409-8ae9-456a-8cc5-a7512c057d1e,2792741d-6d2f-4d36-b014-287fdd5c9c7b
d2affa2d-8cc6-4eca-9aba-a759b4887361,9ef40370-ee62-4daa-80d2-e5dc88661517
981c2498-fa0b-4f90-969d-a762f8342fb1,8b48ddb1-9d79-402d-a1f8-efe989c9e152
1b730784-cdef-45d7-96cd-a778c04a0049,f94c5197-a455-4b8a-950c-8e6cd2240715
597eb904-fffa-404a-bf4e-a7b2484eb9a4,2a9861d8-9de3-4069-9425-9726f349c350
11593cbc-0e8f-4e34-8a49-a882d9569c8c,4294687b-90aa-47e9-a9b2-70212e2087a3
d4675281-fdf8-4685-8880-a90db9cca05b,26e5f3af-37e1-4f1d-af82-7751942e64ac
9f9dd6d2-4b2e-45b4-a80e-a94af41fed07,f9173c82-bc35-4bf8-b1b0-9ee14e83c1bc
c224c03d-83af-403f-9c4e-a9ed44b0dafc,e3c1db5a-ef97-4274-92fe-d4a8cb8764ea
69335010-09c2-4826-b794-a9f40b2f7745,26abee67-4135-4b59-9cc9-dcff0d6afabc
4fabaa2f-1003-42ca-b242-aa333a99592b,dfa6292e-1093-4340-8aa0-1f0fb9d330c8
fd9a74cf-04ec-40ca-8251-aae72580222c,d6239658-4762-470a-b8ad-c9b26d27369e
cd396dce-b5f8-4e38-bf0d-ab48458fd51a,c1cb22fc-50ae-4f2d-bfb0-0e5f8559421f
b42764ea-5cfa-4883-ba42-ab5d01382275,3f270072-009e-4bdb-a7ae-536793500a59
948edf80-7a53-4853-8598-ac2b61fdcfc5,d0921d94-f0ae-4504-ac32-1b283a37e5d6
22052b6f-1308-4c9a-b39d-acdcc26d02e8,2a431271-7077-451d-85c6-277cf0018676
3fd7dc55-1176-41ab-beab-acddb305872b,75d0d54e-882d-487c-bff6-c24f99b468a7
591ed9ea-74e9-4540-8855-aced61b8535c,95ec5af8-e28f-43a2-a913-954e6a0abc76
71b4dabc-9f62-4714-bff0-ad3964999172,67748d8e-fb2e-4920-9955-99d7ccdca1ca
974258b5-4723-4b06-8336-ad6bcf81c6e6,1dcf99d2-7e03-4fb4-98a0-5b0259f0fc5a
8bd3cb3c-ce17-4329-9dd8-ae1e2354c023,209ce6e7-65c3-4449-ac0c-098421c809d8
264e8f10-dbec-44e2-9351-ae2ac4ca4f5e,4a918008-bb77-44d2-99c5-7ef40f5434f4
56827695-6ff0-4180-8afc-ae30b01a8fd5,f4da96a6-d8c5-4677-b492-c65c0aed2594
38848d98-b72a-4686-9dcc-ae90eac2ebe1,4e76b2e2-0a86-4f5c-a2bc-711bebcb5fe6
f2ed3ddd-35c7-4afc-ab23-aeb1f4d90bd4,a4de9eea-7b26-4f59-bd8b-9e4237e01dfc
fd07bd57-0329-45b0-a832-af9d3aeab27f,d76e4905-4211-48bd-9cf3-4017a6267aed
d766d35f-3d73-402a-8340-b0910392fd4c,91e1ac00-a73c-47c4-9125-888fd70fe457
cb2d2c2b-2893-4796-80df-b10bdcfedff6,9f04cb23-738e-4ee2-9823-5f601333a3a7
deac3b68-65b6-44ef-b544-b10ece395f50,9eb67a02-b17b-4032-8555-dd91bbf7d231
fc30342b-355e-44b6-be98-b1237042359f,31293f0c-61aa-4f45-b59c-d6207815e443
f5d220e9-7b9d-46cc-b5dd-b1316c042cb3,f4df3729-1b4a-43c9-b48e-ec4c47b23b69
efaf5af9-f653-4b56-9feb-b15f7cc80dd2,d808bf9a-9411-4059-80fd-de25f3569abf
0745378b-99b2-46f4-9c2c-b1719b4d930e,c7373947-8e02-4ce6-8bdd-a05a2e8aef5c
45584dd9-b6eb-4a0f-870d-b19b63630ec3,f5ab2524-7ad2-48f9-bd4f-6a6d8046d39c
455fd8a0-d3de-4197-a0b6-b1c421cc7be8,370664ee-dacf-46cb-80d9-634964899b9c
6e079722-3bc7-4e2c-a04d-b1ec72c3d4cf,7f8a7786-5fd3-48fb-b675-b129d3488769
61991c92-e681-41fc-8603-b1fa4f6b3c00,4fa87fa7-2bd4-4106-a22a-d961790769c0
adb70f32-5e68-4dcb-9aea-b2a15c9acfa9,831a3a5f-2892-4aaa-8920-e1f9c120a99c
271ff48b-5327-41fb-858c-b3d4d176aed6,872ec221-52ae-4e06-97d1-f1c43598210e
437cfc51-bf8a-4a14-8a67-b3f991d84176,edf7ef07-4f38-42fc-b1f4-12857a165c67
1794a9e8-9f4f-46d6-9130-b41c71f12222,95cad4e2-bc26-48ef-ad9e-8258eaba148a
d8187291-aef2-442b-a374-b4df362e1455,69412d6e-9ec3-45b1-8018-4a192b44117f
00a5d955-d9cd-410c-8c17-b54c2e710d86,77942160-2729-4091-b8db-63aee0dcb6f8
a1c57076-9a6b-4524-83f7-b551dce47370,2421cc7d-4024-4367-b9d6-f12eeb72dc4a
44695032-f619-44ba-9750-b5dc5421f1f6,0b41a6bc-1e8d-487a-a504-1e2454868e98
fe057459-e4bb-44f2-87fe-b676e596afb0,60fc3380-02f3-4897-99e6-98a4f4239d72
5a3f316c-49c2-4fc4-bc1c-b67c62e2d673,6ef59b4d-3571-4bed-9e4a-227bf023e8b4
b48f3c36-b60b-4813-b01f-b78370588bdb,1c5d7373-ec6d-4d4a-9dcd-a1eef1949d16
048a7011-61f8-45be-adce-b7b52bc1c664,0e61c53e-5f2c-4ec5-8dcb-c62034d51269
40098fc0-b77a-457c-a68b-b7b57e8a21ed,703ef76b-9391-4d92-b60d-1870bc933689
72f0ac47-a6ae-4bd6-9fb2-b7bb71519870,359399bc-c52b-48d4-b800-731a92983765
ea734c56-5e3c-4bc6-8613-b9e4174b3e68,2909e7c9-95b8-47ab-ad3c-aaaddac3f34d
966a292f-8437-4d07-a6ca-bb4f76fa1fa0,62ff03fc-4fc8-438b-9c92-097e5c0aef56
37953249-eb01-482a-9d69-bb52f73e422d,16fdcc3f-b20f-424a-ac5a-b819f6d088b8
bcdfc571-df7d-49fd-bf37-bb5e53e6c613,fe410968-5476-4142-ad15-3104986660cc
cb2f831b-c886-4630-9537-bb6a742a44fe,6c0c273f-e314-4b78-9224-23866775f78e
1f61506e-1884-4647-9477-bb973d7bd149,3875593b-4425-45e5-87cb-1a578350b3c5
646dbfd4-6ec0-4666-982e-bbcc6475e79d,4ea2a098-ee85-49f8-9cf2-9087916d91d5
d2d8c41c-40af-43ee-8ab6-bbdf8e789431,ace4321c-8a6a-4d48-ac8a-1c804728d6de
379550be-5030-4211-9893-bc045121ef72,4a8f46d6-9604-4bc5-9c08-8ba4eda02e5e
68850a87-f205-45d1-8376-bd22a247d025,4d2662e8-e1a8-473a-a86e-b13c1b6ba6ec
82781433-5417-4335-95e4-bd23d4f24805,0a7d3cbe-52cb-4fa8-9a81-6f48d28df78c
0424e7e7-78ee-46a3-afe1-be0a01de9d3f,068e88ae-344a-42ee-93df-1d48900b0bd4
b42fd7ea-ba7d-4725-9d63-bf35ab5148d1,21e001f5-325b-4861-a47a-7ab9b3f53861
8114d6e3-66d1-4f29-88bd-bf38b8aa725c,8c4ee856-006d-44e5-a850-e192b53f622b
703b52e6-ab29-4964-a564-bf58e3126910,aabed1c5-1e02-42c2-b68e-ee72e6dfd9db
4a0cc47a-d48c-4972-b528-bfab82eda061,bc1b5591-1019-4006-98dc-56c1af54ef2f
dd73577f-a503-43fb-bb3d-bfba367663b7,a9c9ca27-432d-456c-a455-71f0d67db6c9
4d495f53-3181-4f8b-9606-bfc215225837,ede20ea4-52c6-4717-8f15-82293044de0e
af308eee-d91e-45e4-9e50-c0398385a366,04bfd8ee-9c9a-4b74-8771-c764d4efcc22
7a38ec77-87c3-4b5b-8b31-c12ae9d13a86,e1f2763e-7e14-4335-8ef1-4efc58edbffc
e2ff9dd0-7068-43c1-982d-c13722bca44f,f218b170-1e10-42ac-8666-dd097bfa4429
0d04feba-f9ae-41a8-9e33-c14bc57e77b7,86d97a82-57b1-4bf2-a5dc-cc2eefb2521f
054a0c73-ff98-470a-b02a-c1c1b471474b,0ff21309-d655-43c1-8bd9-8ed8262c74dc
3f33fdf2-bf0f-402b-acb0-c1c67f6ddcf2,40b8a1c0-81cf-4fff-a156-3df709547d3f
a44dfa12-5547-4aba-b0b7-c2429f10dea1,1c58a013-8cd8-4e78-a87a-4c27c871ef6e
1b26f82d-a99b-4caa-8ca2-c257f5e4138b,4b1ab066-acf8-448d-b740-0a8d0d6baa31
bc5eed8b-1464-42b0-9c30-c2b24e5be3d7,1936677c-d986-4c4f-9590-1d29357da602
eacc0f61-de31-4f89-954b-c32216fc4f13,806df38a-ba3c-4c2a-89eb-fbc5b2150c6b
1849cf9d-899e-45a6-8d82-c36093ca8aaa,89c74860-e285-4ec2-b0c3-5c22c9e804c8
ecfbc1cc-df8d-4c48-846d-c3838c7795ad,c72e72ee-a397-461c-acfe-97b492809c5f
0f259716-9c58-42da-829c-c3e1869be803,2a1f1515-c725-4742-bb86-3ba19450fdfb
f6d90271-32b1-4b16-9f78-c3e6f4493f1a,3b9f0511-305a-4886-a3dc-96077e1f4191
bb66ac1e-b77e-4025-8968-c650591ca91c,613f9dda-b3bd-4a60-b5af-39cab2e10dc5
36e52299-083b-402e-b95a-c6ad62e6330c,ed7e4219-45c5-4163-bf00-bf0b20e7ccff
e24aca82-7706-4447-9b5b-c7908d2d9869,77f68f90-2b0d-4e3a-a366-95a4f66fb0a5
50c54371-56a3-4d56-a23f-c7e7237dc55a,84e0f98d-2d56-4a10-a48a-79a8a33da59c
d349c3bb-7af8-442b-a1aa-c80f514c5b24,3c15f27e-81a7-4eb1-8fe7-949313c79780
afba006c-71f7-4bce-a3e3-c816df766d64,bd4c6a8c-78b7-4405-8a0b-35b49a4ddae6
03c7cd8d-a1fc-44d7-927f-c8f538a29168,8958ea81-d8cf-49c7-8024-cd8c1428675b
008ab33c-7fa9-4d28-863b-c92f549df2a2,5561ee43-a234-4672-af3c-e395645dd0af
38837275-a641-4526-bedb-c99733422733,1bd6b417-46b8-41f9-aae2-4169a068b4ab
e341e8ee-1599-4b68-802e-cad75eb8684a,c1807152-525a-43ab-9de0-92ce0546cb46
da82eb23-f486-4be6-9cfe-cadbe0cedfb4,de40f874-d576-42d1-b091-17ae50263edb
fe80d8e8-bcab-4a2b-b971-cb13d3acf555,366a6890-0d99-4f82-bfe2-59d94ac4e1bd
f90f15d5-a097-4318-b9c1-cbbfeb05389b,16991f68-774c-42be-a017-d5e3fb4f926c
48e73587-862b-47f5-84ec-cc2cfebe0afa,4e06c9c3-b62f-4d7b-b3bc-703a50f0e807
9875f976-9661-4409-b1b7-cc3c7340db32,fda2a574-73d6-47fa-a1c7-4135e4832b98
6348dd27-fc42-4152-ab33-cc884b3643ed,35c9713e-0bfc-4c62-8cda-792c023bc89e
a238c880-e4dc-4b5e-a2da-cc9af81f67ba,b8b1c0f0-ffe0-4b5f-b75c-ef87225beefe
a3d2fc72-d9b4-46a8-8679-cd798f52088a,371fd7be-cbd4-4fc3-b273-af6fb7aab69d
6aa358f5-1c96-468c-be8d-cdcd94c7ef7b,f0169962-e3fb-433a-91e4-f21cd64d2452
0e26650a-f3fa-4d45-9afe-ce45e8b80db3,89aad8a0-414d-43ac-94f0-9cabec4eff54
cf929e83-7657-4c53-8795-ce698861960b,46751c37-9f5d-4149-bb5d-dd4560b4a392
eba2286f-c6c8-4035-82c9-ce9597966c06,c22a5690-ee19-4448-a074-94dac649e457
a8c2b30b-cd2c-4001-b9f6-cebf50f64ae4,e839d25e-41ec-4ac2-8e54-baa061a63d14
c3170de3-95e8-4bbb-bfe9-ceff59c2c319,bd4ed301-8e35-4b8c-9dec-810c531e990d
dfb64b04-e02e-4a5a-afcd-cf1daceec1a3,d6c9d2e4-e9e6-430a-8b7f-f6b590dc381b
57031b6b-1e71-4709-8ac8-cf3b4233dae3,eedb7649-e631-43ac-87f4-f7dd08c0cbcc
74c6a338-d563-4763-831d-cf6ec261edc1,29179885-91d3-433f-9be7-6e22e32de8c9
7e8203b3-e2b7-4b49-a635-cf943de91239,7c6deb37-8c5b-4b3e-a265-ca963713d4ad
c3a2eb08-a956-4d74-b3e6-cfe44ba77a00,cac01c6e-df78-45c4-9aa5-fc2689b49563
08ccaf7e-b2d4-42ce-82ce-cffe37e96c87,87935a80-bd3a-4d6c-9972-38edfcf0c74f
7bc4f4b1-f10d-46cf-b5ec-d00305a75272,21367d0c-82c4-4b97-aea1-e0cb549fc757
11cb3e34-eed8-41ce-a357-d00355fb588e,da667cf1-6e11-4695-839d-e72dedaffeae
23bfa554-f394-436d-907a-d0c8f8c3482c,81d1da87-b464-489d-b815-2185e0b29d9e
9f37017a-a2d4-4fd1-b18b-d0e3c4bccf1b,aa3f6fed-3157-4a04-811d-8ed6d3b9f377
e39bac71-962e-468d-9007-d120763e800a,5d828207-d3b1-4465-9254-e1561d231c3d
307a82a6-8ee9-4e96-96ac-d15584c77f9b,b0af1cb0-7f58-4547-bc04-0378c24b7886
551bf851-7b08-4ad7-b633-d1f9ffd673e9,017f2988-d504-499f-ba49-29e12452c0e2
d50a63c6-17ed-47bf-a5f1-d2053fe7a74f,8bd38f63-47a3-4be9-bb8d-00e7bc1b3260
7ecf83b4-d5b8-444d-8469-d27d7cb4ed26,08b3cb8f-5c91-400a-aedd-b6ec27cf71c4
0a72eca0-9a58-4259-9c88-d2a5fd711ad5,fa5c3a9d-93df-4ef2-bc08-627ff44670c3
db5e9188-d04d-4c76-a60c-d33a4dec7026,2886994c-836c-4a23-b9c7-0d7bef460cec
76bdb680-9f41-4acd-aaf8-d3d997cb8a12,1977f28e-8dbe-4570-9477-4a1ce065d2c8
effae293-2a4f-47f5-b18e-d3eab2f31ecf,2d75852a-03b8-4e1f-8a36-c52be20e47ec
e6c03194-1fa9-4e78-ad0e-d479323dba83,10adb54b-ac9c-4a8b-a921-f9bd8ecb3988
2a0ed7a5-729e-4cfe-9277-d584155cf560,9952631d-dad1-43e7-af07-4458c24e3c65
baed4f0b-81e2-4449-b6a1-d58ca974a692,bee095ee-4035-4e4d-a194-93ee655d6ed7
27157ebb-b71c-4971-9c37-d629bea6ea9b,b3b300fd-2225-435e-948b-431829fdd127
57c6daa1-e360-413b-a421-d70ce4614c3e,34d6fae5-01d5-45a9-b524-c35f8cf6865a
0b09c30e-9508-48e5-b09b-d71ff0fe16a2,af775470-d9f2-4650-a8e0-7b5dbb1fce12
d66762ba-cc0f-43dd-abbd-d8a2b00fd16a,76fe71a2-1304-4819-9da2-7445873fc2ab
19042469-4dc2-4fec-acce-d8aeaa6399b8,a6c112f8-1eda-4c2b-8d4f-34ce0724f14f
0aafbfd6-f147-4c8d-986f-d8b621cba490,138ffeb1-278a-490c-b0ec-f83b9ab4197d
c930ee4f-52d8-4f4c-9388-d8c4361b8c9a,e51cdee2-ed32-4262-a70a-6c04b972da8d
e8f454a2-76b9-4abf-a583-d96cc06953ef,05fc1fe7-20a9-4786-81db-c4fb8c26d6d2
a43a7642-a4b0-4247-ad6e-d97cfaa528c0,62d16a99-3f43-491f-83a6-cf500ec53144
1f04cc15-f9a5-4b28-a0b3-d99e9c61d546,51e03999-c101-4a81-8bd4-f4e2077482b0
2b6ed10c-c744-4501-8171-d9b52ab32703,291674f8-ee55-4899-bd63-8fff15d502d7
f54ef93c-bac8-45ee-8148-d9e6946f04ea,bcc4219b-3b4d-46ea-90f3-9fe7b35d8d74
3f2f390c-aa78-4af6-bef9-da2592851732,e7d374fa-549a-49ad-b84d-030c40b4d469
a06cbc83-e6d2-4bf0-8d43-dad55c3b5c1a,4a25245d-36a8-4d2b-878a-70e5fe99cae2
e439b46f-f55d-4f39-a988-db2ce0ce7843,fd658f18-b0e1-4188-94cc-9a63140ae296
2c1cdb90-82eb-4215-8ddd-db30010359ca,cc74458d-6f09-428b-9d86-b26d8de4fa41
21de75b8-326d-4ee6-ad7a-dbb50260670d,461b1b18-caad-4f0c-bbf6-17a8b9473627
aca0ba13-1cf7-4c66-bd93-dbd5fbc84d84,95a579b8-317e-45e7-b2db-0f6c0d579b5d
503dca6d-545c-432f-bb94-dc12f4a966eb,02fee540-3031-4bdc-a36f-0ef1ccd7cd3d
43f4204d-8581-435e-8a6d-ddf8d84d0b82,c12da13e-71ca-4bdd-9f62-4fc70a7b7052
4d858838-8c07-468d-bfe1-df566f374d14,33b85b1f-ef5c-4947-bc5a-c32bc4425468
0ee84596-bf57-4d9f-a215-dfe2a3caebde,b7ddbd34-10d8-45a6-b3f3-54e1e06e4d1b
4a4f88ed-175e-45cd-9033-e05f1c665321,d8d25e56-121f-4514-8b69-f33603efe553
c06dbb8c-115e-474b-9a7b-e07aa794fbc4,7317ec23-f85b-446f-811f-ed380ce4dd6b
6805be70-45f2-4dc7-a84b-e0a4c87cdf33,be5415f3-9726-452f-a5f5-682b9d8ab465
299266a7-c3ee-4979-9176-e0bd2f262e54,21f9bda4-4ff1-4010-b632-3428edd22240
d3efddc8-f242-43a4-a12e-e10165d29105,f87be100-6b28-405b-8004-e70fce49682f
cadb5c9f-55a8-4df5-93e2-e18c14b9c27c,fc34b1d6-5cfc-41b7-8f6a-cedcb167e53a
96c5df78-4903-4b23-af3b-e1d23edbc386,15a5a6d4-5b65-4f5a-a64c-79340e8f81dc
7845ec3b-8b27-483b-8df6-e255cef3c96c,4f983168-31ac-4876-9291-dcd35c094464
ed4db050-5a2e-457c-808d-e26d8d6bd0be,8b95cf03-2428-41da-9fa4-e0968af126d3
4c863c42-9b5a-428e-a283-e2c25689c671,bd1c0efd-dbc1-4d08-b6c6-a7558f727b81
f3afea48-9344-434f-9947-e2d2b2acd04f,393ec300-33ae-4de6-b056-b45699f6da1b
73187336-be20-4f2d-ac37-e2eb00ee693a,0596bea4-fd69-4ecf-99c0-cdbe25e22a17
94afc7a6-98d8-4174-8918-e34be59ab87a,be7715d1-680c-44b9-9c9e-3b0495e520ae
11f31d41-31c7-44df-94fb-e400ee83c8d2,afc14c13-1569-46f1-ab38-69e9a10b2152
29bcbdab-61fd-45eb-9c4e-e424e4fbe99d,37749c09-1cb9-4e0a-93a5-c58503b6b88e
1be7ffed-a378-45fe-a484-e429145af08a,fbb57478-b3a0-44f6-b313-1d6268f7fb5f
1bdec045-6879-48ac-9b10-e457e0a39a7b,42610682-15be-45ce-88cd-6c521b974b72
25599afe-2334-4d13-b02f-e45c5357245f,15263b69-cc24-42a4-a579-01eaea850581
19a9f871-e585-471d-bd4b-e4e07488111b,af5c809b-e7d9-4f46-8776-0c710d8fc6d7
0d59e0d4-5d40-47e0-b07c-e573319bbb04,11242f75-2928-43a7-8dee-4acb0a24ad19
d94d2869-4697-45c8-a599-e5e8edd98ea4,7fc57bc8-559c-4fe2-a470-f1300bed8cc7
f36ef75d-1c35-4111-8556-e5f984efe0a2,13751602-e2cd-4355-af19-8db1654b1034
57e4022d-4250-4efb-ab88-e684f96a9cbc,3d569aac-1114-492f-8569-e1c6b53a3a77
70e17551-ec7f-4b3f-9965-e6c0b8d1c713,1407c235-d81c-4b33-87f0-bd63c60943a5
bf2f7ee6-7261-46fb-91fd-e6ec00495e40,c87a8afc-b55c-4ac8-bd05-163dd40f216e
3cd4ceae-990d-4f22-ba9b-e6ed9934419c,dba684ba-72c5-468a-b5ad-492cf9ef8177
3de4ad20-d066-4d67-933a-e7b721fc56d1,b5ee8c16-b314-4366-882f-9872f70ff58d
b028a11b-5cff-42b8-90fd-e951a8ce4df0,8c2e72d8-26cd-4136-a032-848e9d1e5e4d
341b6206-cced-41bb-a390-e9554b8bba7c,2f1a5522-1d2f-496a-8b76-5077ac2e35da
90d895a4-7254-4570-9be0-e961bf034418,eedb81eb-340e-4ebc-915e-7f9c8d7e5e1a
41717361-eb80-4a2c-8cc7-e96514bee6dc,76b42f98-77f7-4768-8b33-af8cfff42a3d
a1a1daf7-d034-4984-bdf8-e96da87bcbd7,793380a5-0168-49aa-85c3-a466897cc76a
20bfb17b-dd8d-4e56-a19b-e984b6ce7302,13b86dc4-0400-4e76-acbe-67c796cf7bb0
7e01a3ef-f0e3-4b6d-bb11-ea0584702244,bc340a74-924d-4057-80ea-37fb29d23a0a
50d97fa9-ced1-4e03-96bf-ea06a43c3162,93f85255-a4fd-4556-84e3-b8141c8c8577
28ca268c-6dfa-4fb8-88e0-ea24fe5c6d2b,21941b6e-25fd-4e69-a39b-5c17c8924037
69a5fc48-6879-4bd7-8296-eab0769b3b65,ec70e9b4-a232-4ed1-9584-c7fbaf13b7cc
a2b074cd-4514-4699-bacb-eab859c6a766,b2c1a78d-4210-47fa-b0cb-217187a5d9b7
f1658b4b-97af-4fbf-b6b9-eb5b56fc3fc7,8c953e95-b3d8-4e4a-a64f-ea29473814e4
e647ed38-694e-409e-ad49-eb5bc962642a,bf8de129-7bf7-4bea-99ec-8848969a3d26
f5395a0b-fa4c-4bd1-b8cf-eb8ff64728a8,c0717cb4-b114-44ec-8733-a25d6c43db77
c99b94be-a3c8-4d84-9494-eb92a762a085,588fdc2b-244d-4758-ad92-17c171b84e45
242b69b3-0cc1-4c21-84eb-ebbf203f0e5f,ab0b8966-fc85-4750-a5db-71bb9391d1fb
c90754b2-1f3b-4bfb-9e33-ebd837824061,20f4e31a-5181-44e2-8829-c870fdff5daf
2509b5ef-95d7-4f35-aebc-ec442ad81d9b,56f4d26a-70cd-42ba-afc8-9039cc0cc247
9c805b93-05f5-4b48-9a7c-eceaf0b536d6,06ac5241-43b3-49c8-b703-cee79448f919
094189fb-fc5c-4d11-81a3-ed5bf0916c8d,ba0fab36-4c67-430a-ad68-c2c76545707c
27eebf15-3dfc-41f5-ad1d-ed60be8d1728,c1031692-6190-427e-af1a-7284caff599c
d48e20b4-76d8-4eae-9077-edb4359da04f,2400ba05-5ad9-4c5c-99ac-4944995c53d1
c11678c5-fe5e-4999-a752-ee739558c77f,d0281134-029e-4b25-8567-a4603773d5ec
a0ae2ccb-471f-4514-b6bf-ee77408ccfaa,3ed2778c-8b43-4128-b864-640a6380cb09
8cc13d57-133d-4ecb-a061-ee8ccdbe607c,75ac2b9d-5996-446e-9d9f-e13bc4a1f858
93479b41-b647-40d5-85f9-ef1334a7fcab,8d2d3ade-bb8a-4e39-94c3-278f51e86456
a0eacaee-863f-4e12-bf6d-ef1648f2a263,b88b2200-a1b3-42ce-9b5b-3fbe9348aa09
ff724ced-da69-4458-8187-ef58a1f8fe14,b6f0bcb9-e0aa-40b0-966e-478788496461
5f6b2f18-2b4b-4001-ae12-f05736675769,32ab1a87-b6cf-4d2f-9139-66a6aed997d2
5aaafe94-70e7-4ac5-b730-f0b6dabbd802,7ef56078-e9fc-44e1-8560-42fd25a9c7b5
7b02ed1e-b720-42da-93b0-f1a4ad2a8d5a,81f8f8ea-9234-4920-b038-c1111ffa04b3
afea0797-b036-491a-ba89-f1bbbee820be,e05e8cae-2f8e-4e12-8bd7-5f3a297111f4
9b3bb50e-128a-41ee-b58d-f2fd2757c824,9014d8eb-47aa-4bde-81dd-26ecfec22c97
bb994b65-675b-4eba-940f-f3722c7e6f45,f652dbed-75df-4fc7-be67-c118e97bcf84
3d9bfb4b-5509-4d35-a951-f399804298e3,d76785d2-bf0a-4548-879c-8a6bb08288f0
304b85d7-6cf2-444c-bb96-f4081424edad,ed84edbb-c57e-49ce-9730-0cc2bc58b405
e7837d5c-642d-4449-b65f-f4576fdd27d9,b394f078-cbb8-40b9-a364-73275d7dbb18
68859773-f0f6-4076-96e4-f45923ea7d5d,67101abb-a9dc-403b-9c77-de33eb780a1c
13f3cee2-e598-45e8-bc20-f484a1a3c02a,0bf7d2bb-08fa-457f-bf08-4ea2a51d8836
9c02d209-2c48-4eb9-bd83-f485bf1e2d79,980e6aae-a2f7-4d26-a679-d46f95331fd6
f3a9abf5-52ca-4c81-ba44-f48763032140,ee607719-e868-4d21-bead-54d796d8fec0
fda972e3-e5d7-47c7-8825-f496a5f8cc34,573096ec-b287-4787-a5e5-c9ac55ee4c9a
0c1ed863-9652-4dcd-bb71-f4ed6e3984a3,09be98bb-40f4-4498-9ada-5a3d206c652a
9354a028-32f4-4a38-ba87-f54b4300be4d,dbb9c5d5-c0a3-4220-bd6c-eab1d003490c
7e16a2d3-2c7b-42d1-ac4b-f69d1011ee4e,14d76bd8-69fd-4411-81ed-c1f90642548b
5f7c7f00-27c8-467d-9b0d-f6a6923962c3,876e12d1-0b05-4598-93d5-9f4734355712
fb6ce758-1eac-43c6-95c3-f725f15c32a8,23bdbd2b-b141-4b46-9744-f5100fdff0e2
bf606ee6-07b3-40ae-b346-f741159c1db5,572992cf-9641-4c2e-b71a-ba89de313010
66005dfb-cabf-4fc9-8ed0-f79a58891a40,aba3f386-2786-49ea-84d6-7f7613ecb76c
05101f1f-b2b7-43f1-abd7-f7b4b245e3d7,2756a6d1-fa02-48c7-a326-f8bd3aa8abca
908ea9f4-af50-46e3-933c-f7e844ca6156,3aa4dd4a-e47e-4914-b3db-c22c341afa0a
5467ea89-006c-4a0f-a7fb-f85bb1d42de7,13d0af84-a9f4-4c8e-836c-2d8fd23dedac
73945785-4f04-458b-bdf4-f8762ec76140,b028884b-65a8-4621-8546-465175e19324
ef5d7cfc-8fbc-4665-914f-f881c761a452,be112ad3-4987-434a-b723-fdb13b2a9838
e9075fb8-5f2f-440a-ba31-f88b9a1cfba6,bf55a01a-2e2c-4609-aa3d-4c27c83085df
6f2cd3a8-c19c-42c1-bf8d-f98431cc2a01,5d123492-007c-44ab-9164-e86d92dd4bb7
d777a9be-5d59-4dbb-8830-f9c6e5ac918f,39dffe0b-071c-4061-8a6d-3e38bded6bb0
18c10767-25b2-4315-b5d7-fa99f2cb0020,dec1a777-e426-4a73-a8c0-5bc8bfc9880b
d5fff1f1-1675-42be-985a-fad6fe948076,07bcb5a8-d5b7-43fb-b049-f96fe9e92169
f2f39111-3516-4b5a-9ad3-fae140140157,db53c369-aa1a-4745-bc60-44331b058191
07dd274a-4604-4a9b-aa20-fb2da64b4060,2a1bfe7d-1abb-48f4-981e-cbecdff77cda
ef29643e-1e81-46e2-b020-fb5cbfc830ac,e439e558-c991-403c-8a8b-db5852855263
054e1897-13a3-4731-91a6-fb72bce88541,4a2c15b3-ed3f-4b9c-a829-7ad0cecdb85a
ae4b8a69-f8e7-4d41-a00d-fc0480a72d1d,b28898ab-e37b-40fb-bc85-c5c501664448
d56d701a-3098-4ea0-b5a4-fc9b7d78186c,0ab2fb92-0676-4f9d-b550-e795b6c5f380
66be2b0d-9564-4c13-87bb-fcbcaf563742,affb870d-bced-4a5c-88a6-64475bc1c24f
1df993c3-3378-4270-b3e9-fcdacb97ae98,f5512ca2-63d9-42dc-8571-74eb0693a1a9
d6641439-78ea-4efa-b60d-fd097008b4f0,3a365009-db0e-4828-b148-e6dd9c6a36cb
74be8e75-6ebf-4628-bcb2-fd7daea7ce4e,37d8e5dc-63f6-4bf3-8cbb-57ec32826e02
769e8ad8-c81b-4bd9-8ede-fda3f9a4e5c9,65795b4f-82a4-4c8f-86cd-d078bf8c7130
8d00c886-29f2-4e4e-8953-fe0df2e219d7,1f5b58fa-e991-41d1-af92-ee78f78a7b13
164297b3-045a-4024-8361-fe12256fa2b7,b7bb5712-412b-4b8b-bc8c-fbf252d15b91
dfa5d136-68cd-41aa-8c95-fe7711c89f12,e6988c94-66ef-4247-9ad4-c081c7596b73
87b780a3-044d-433b-8fd3-feb2c0d4f6d7,febee1c5-6942-4945-a664-6bbffd87ddb8
5ea3e986-9430-4832-b316-feb2f69fa5f2,c0ae0f20-fd0a-4bb1-afce-d095b0772b93
af25ba22-8192-4b9a-b302-ff0788a7f1f4,1000bd1c-56cf-41db-ae77-14065c575d65
f0e348cf-1351-42d6-89ce-ff36b356cacb,872b5498-2870-4922-ada6-10e53738746f
